shootout_annotations,pidigits_strict,shootout_annotations/pidigits_strict,361108,0,0
shootout_annotations,pidigits_strict,shootout_annotations/pidigits_strict,127930,0,0
shootout_annotations,pidigits_strict,shootout_annotations/pidigits_strict,126790,0,0
shootout_annotations,pidigits_strict,shootout_annotations/pidigits_strict,126790,0,0
shootout_annotations,pidigits_strict,shootout_annotations/pidigits_strict,126790,0,0
shootout_annotations,pidigits_strict,shootout_annotations/pidigits_strict,126790,0,0
shootout_annotations,pidigits_strict,shootout_annotations/pidigits_strict,126790,0,0
shootout_annotations,pidigits_strict,shootout_annotations/pidigits_strict,126790,0,0
shootout_annotations,pidigits_strict,shootout_annotations/pidigits_strict,126790,0,0
shootout_annotations,pidigits_strict,shootout_annotations/pidigits_strict,126790,0,0
shootout_annotations,pidigits_strict,shootout_annotations/pidigits_strict,126790,0,0
shootout_annotations,pidigits_strict,shootout_annotations/pidigits_strict,126790,0,0
shootout_annotations,pidigits_strict,shootout_annotations/pidigits_strict,126790,0,0
shootout_annotations,pidigits_strict,shootout_annotations/pidigits_strict,126790,0,0
shootout_annotations,pidigits_strict,shootout_annotations/pidigits_strict,126790,0,0
are-we-fast-r,Bounce_nonames,are-we-fast-r/Bounce_nonames,411933,0,0
are-we-fast-r,Bounce_nonames,are-we-fast-r/Bounce_nonames,372116,0,0
are-we-fast-r,Bounce_nonames,are-we-fast-r/Bounce_nonames,371090,0,0
are-we-fast-r,Bounce_nonames,are-we-fast-r/Bounce_nonames,371090,0,0
are-we-fast-r,Bounce_nonames,are-we-fast-r/Bounce_nonames,371090,0,0
are-we-fast-r,Bounce_nonames,are-we-fast-r/Bounce_nonames,371090,0,0
are-we-fast-r,Bounce_nonames,are-we-fast-r/Bounce_nonames,371090,0,0
are-we-fast-r,Bounce_nonames,are-we-fast-r/Bounce_nonames,371090,0,0
are-we-fast-r,Bounce_nonames,are-we-fast-r/Bounce_nonames,371090,0,0
are-we-fast-r,Bounce_nonames,are-we-fast-r/Bounce_nonames,371090,0,0
are-we-fast-r,Bounce_nonames,are-we-fast-r/Bounce_nonames,371090,0,0
are-we-fast-r,Bounce_nonames,are-we-fast-r/Bounce_nonames,371090,0,0
are-we-fast-r,Bounce_nonames,are-we-fast-r/Bounce_nonames,371090,0,0
are-we-fast-r,Bounce_nonames,are-we-fast-r/Bounce_nonames,371090,0,0
are-we-fast-r,Bounce_nonames,are-we-fast-r/Bounce_nonames,371090,0,0
are-we-fast-r,Bounce_nonames_simple,are-we-fast-r/Bounce_nonames_simple,413074,0,0
are-we-fast-r,Bounce_nonames_simple,are-we-fast-r/Bounce_nonames_simple,372116,0,0
are-we-fast-r,Bounce_nonames_simple,are-we-fast-r/Bounce_nonames_simple,371090,0,0
are-we-fast-r,Bounce_nonames_simple,are-we-fast-r/Bounce_nonames_simple,371090,0,0
are-we-fast-r,Bounce_nonames_simple,are-we-fast-r/Bounce_nonames_simple,371090,0,0
are-we-fast-r,Bounce_nonames_simple,are-we-fast-r/Bounce_nonames_simple,371090,0,0
are-we-fast-r,Bounce_nonames_simple,are-we-fast-r/Bounce_nonames_simple,371090,0,0
are-we-fast-r,Bounce_nonames_simple,are-we-fast-r/Bounce_nonames_simple,371090,0,0
are-we-fast-r,Bounce_nonames_simple,are-we-fast-r/Bounce_nonames_simple,371090,0,0
are-we-fast-r,Bounce_nonames_simple,are-we-fast-r/Bounce_nonames_simple,371090,0,0
are-we-fast-r,Bounce_nonames_simple,are-we-fast-r/Bounce_nonames_simple,371090,0,0
are-we-fast-r,Bounce_nonames_simple,are-we-fast-r/Bounce_nonames_simple,371090,0,0
are-we-fast-r,Bounce_nonames_simple,are-we-fast-r/Bounce_nonames_simple,371090,0,0
are-we-fast-r,Bounce_nonames_simple,are-we-fast-r/Bounce_nonames_simple,371090,0,0
are-we-fast-r,Bounce_nonames_simple,are-we-fast-r/Bounce_nonames_simple,371090,0,0
simple,scalar-while,simple/scalar-while,3229,0,0
simple,scalar-while,simple/scalar-while,19,0,0
simple,scalar-while,simple/scalar-while,19,0,0
simple,scalar-while,simple/scalar-while,19,0,0
simple,scalar-while,simple/scalar-while,19,0,0
simple,scalar-while,simple/scalar-while,19,0,0
simple,scalar-while,simple/scalar-while,19,0,0
simple,scalar-while,simple/scalar-while,19,0,0
simple,scalar-while,simple/scalar-while,19,0,0
simple,scalar-while,simple/scalar-while,19,0,0
simple,scalar-while,simple/scalar-while,19,0,0
simple,scalar-while,simple/scalar-while,19,0,0
simple,scalar-while,simple/scalar-while,19,0,0
simple,scalar-while,simple/scalar-while,19,0,0
simple,scalar-while,simple/scalar-while,19,0,0
simple,empty-for,simple/empty-for,1759,0,0
simple,empty-for,simple/empty-for,19,0,0
simple,empty-for,simple/empty-for,19,0,0
simple,empty-for,simple/empty-for,19,0,0
simple,empty-for,simple/empty-for,19,0,0
simple,empty-for,simple/empty-for,19,0,0
simple,empty-for,simple/empty-for,19,0,0
simple,empty-for,simple/empty-for,19,0,0
simple,empty-for,simple/empty-for,19,0,0
simple,empty-for,simple/empty-for,19,0,0
simple,empty-for,simple/empty-for,19,0,0
simple,empty-for,simple/empty-for,19,0,0
simple,empty-for,simple/empty-for,19,0,0
simple,empty-for,simple/empty-for,19,0,0
simple,empty-for,simple/empty-for,19,0,0
simple,list-while,simple/list-while,3708,0,0
simple,list-while,simple/list-while,19,0,0
simple,list-while,simple/list-while,19,0,0
simple,list-while,simple/list-while,19,0,0
simple,list-while,simple/list-while,19,0,0
simple,list-while,simple/list-while,19,0,0
simple,list-while,simple/list-while,19,0,0
simple,list-while,simple/list-while,19,0,0
simple,list-while,simple/list-while,19,0,0
simple,list-while,simple/list-while,19,0,0
simple,list-while,simple/list-while,19,0,0
simple,list-while,simple/list-while,19,0,0
simple,list-while,simple/list-while,19,0,0
simple,list-while,simple/list-while,19,0,0
simple,list-while,simple/list-while,19,0,0
shootout,spectralnorm_alt_2,shootout/spectralnorm_alt_2,25865,0,0
shootout,spectralnorm_alt_2,shootout/spectralnorm_alt_2,2098,0,0
shootout,spectralnorm_alt_2,shootout/spectralnorm_alt_2,958,0,0
shootout,spectralnorm_alt_2,shootout/spectralnorm_alt_2,958,0,0
shootout,spectralnorm_alt_2,shootout/spectralnorm_alt_2,958,0,0
shootout,spectralnorm_alt_2,shootout/spectralnorm_alt_2,958,0,0
shootout,spectralnorm_alt_2,shootout/spectralnorm_alt_2,958,0,0
shootout,spectralnorm_alt_2,shootout/spectralnorm_alt_2,958,0,0
shootout,spectralnorm_alt_2,shootout/spectralnorm_alt_2,958,0,0
shootout,spectralnorm_alt_2,shootout/spectralnorm_alt_2,958,0,0
shootout,spectralnorm_alt_2,shootout/spectralnorm_alt_2,958,0,0
shootout,spectralnorm_alt_2,shootout/spectralnorm_alt_2,958,0,0
shootout,spectralnorm_alt_2,shootout/spectralnorm_alt_2,958,0,0
shootout,spectralnorm_alt_2,shootout/spectralnorm_alt_2,958,0,0
shootout,spectralnorm_alt_2,shootout/spectralnorm_alt_2,958,0,0
shootout,binarytrees,shootout/binarytrees,325739,0,0
shootout,binarytrees,shootout/binarytrees,302038,0,0
shootout,binarytrees,shootout/binarytrees,300898,0,0
shootout,binarytrees,shootout/binarytrees,300898,0,0
shootout,binarytrees,shootout/binarytrees,300898,0,0
shootout,binarytrees,shootout/binarytrees,300898,0,0
shootout,binarytrees,shootout/binarytrees,300898,0,0
shootout,binarytrees,shootout/binarytrees,300898,0,0
shootout,binarytrees,shootout/binarytrees,300898,0,0
shootout,binarytrees,shootout/binarytrees,300898,0,0
shootout,binarytrees,shootout/binarytrees,300898,0,0
shootout,binarytrees,shootout/binarytrees,300898,0,0
shootout,binarytrees,shootout/binarytrees,300898,0,0
shootout,binarytrees,shootout/binarytrees,300898,0,0
shootout,binarytrees,shootout/binarytrees,300898,0,0
shootout,fasta_2,shootout/fasta_2,275325,0,0
shootout,fasta_2,shootout/fasta_2,255806,0,0
shootout,fasta_2,shootout/fasta_2,249488,0,0
shootout,fasta_2,shootout/fasta_2,249176,0,0
shootout,fasta_2,shootout/fasta_2,249155,0,0
shootout,fasta_2,shootout/fasta_2,249278,0,0
shootout,fasta_2,shootout/fasta_2,249305,0,0
shootout,fasta_2,shootout/fasta_2,249113,0,0
shootout,fasta_2,shootout/fasta_2,249287,0,0
shootout,fasta_2,shootout/fasta_2,249410,0,0
shootout,fasta_2,shootout/fasta_2,249038,0,0
shootout,fasta_2,shootout/fasta_2,249272,0,0
shootout,fasta_2,shootout/fasta_2,249299,0,0
shootout,fasta_2,shootout/fasta_2,249083,0,0
shootout,fasta_2,shootout/fasta_2,249143,0,0
shootout_annotations,fastaredux_naive_strict,shootout_annotations/fastaredux_naive_strict,129396,0,0
shootout_annotations,fastaredux_naive_strict,shootout_annotations/fastaredux_naive_strict,97388,0,0
shootout_annotations,fastaredux_naive_strict,shootout_annotations/fastaredux_naive_strict,90728,0,0
shootout_annotations,fastaredux_naive_strict,shootout_annotations/fastaredux_naive_strict,90728,0,0
shootout_annotations,fastaredux_naive_strict,shootout_annotations/fastaredux_naive_strict,90728,0,0
shootout_annotations,fastaredux_naive_strict,shootout_annotations/fastaredux_naive_strict,90728,0,0
shootout_annotations,fastaredux_naive_strict,shootout_annotations/fastaredux_naive_strict,90728,0,0
shootout_annotations,fastaredux_naive_strict,shootout_annotations/fastaredux_naive_strict,90728,0,0
shootout_annotations,fastaredux_naive_strict,shootout_annotations/fastaredux_naive_strict,90728,0,0
shootout_annotations,fastaredux_naive_strict,shootout_annotations/fastaredux_naive_strict,90728,0,0
shootout_annotations,fastaredux_naive_strict,shootout_annotations/fastaredux_naive_strict,90728,0,0
shootout_annotations,fastaredux_naive_strict,shootout_annotations/fastaredux_naive_strict,90728,0,0
shootout_annotations,fastaredux_naive_strict,shootout_annotations/fastaredux_naive_strict,90728,0,0
shootout_annotations,fastaredux_naive_strict,shootout_annotations/fastaredux_naive_strict,90728,0,0
shootout_annotations,fastaredux_naive_strict,shootout_annotations/fastaredux_naive_strict,90728,0,0
are-we-fast-r,Mandelbrot,are-we-fast-r/Mandelbrot,344739,0,0
are-we-fast-r,Mandelbrot,are-we-fast-r/Mandelbrot,327599,0,0
are-we-fast-r,Mandelbrot,are-we-fast-r/Mandelbrot,314024,0,0
are-we-fast-r,Mandelbrot,are-we-fast-r/Mandelbrot,314024,0,0
are-we-fast-r,Mandelbrot,are-we-fast-r/Mandelbrot,314024,0,0
are-we-fast-r,Mandelbrot,are-we-fast-r/Mandelbrot,314024,0,0
are-we-fast-r,Mandelbrot,are-we-fast-r/Mandelbrot,314024,0,0
are-we-fast-r,Mandelbrot,are-we-fast-r/Mandelbrot,314024,0,0
are-we-fast-r,Mandelbrot,are-we-fast-r/Mandelbrot,314024,0,0
are-we-fast-r,Mandelbrot,are-we-fast-r/Mandelbrot,314024,0,0
are-we-fast-r,Mandelbrot,are-we-fast-r/Mandelbrot,314024,0,0
are-we-fast-r,Mandelbrot,are-we-fast-r/Mandelbrot,314024,0,0
are-we-fast-r,Mandelbrot,are-we-fast-r/Mandelbrot,314024,0,0
are-we-fast-r,Mandelbrot,are-we-fast-r/Mandelbrot,314024,0,0
are-we-fast-r,Mandelbrot,are-we-fast-r/Mandelbrot,314024,0,0
shootout,fasta_3,shootout/fasta_3,299210,0,0
shootout,fasta_3,shootout/fasta_3,270712,0,0
shootout,fasta_3,shootout/fasta_3,264052,0,0
shootout,fasta_3,shootout/fasta_3,264052,0,0
shootout,fasta_3,shootout/fasta_3,264052,0,0
shootout,fasta_3,shootout/fasta_3,264052,0,0
shootout,fasta_3,shootout/fasta_3,264052,0,0
shootout,fasta_3,shootout/fasta_3,264052,0,0
shootout,fasta_3,shootout/fasta_3,264052,0,0
shootout,fasta_3,shootout/fasta_3,264052,0,0
shootout,fasta_3,shootout/fasta_3,264052,0,0
shootout,fasta_3,shootout/fasta_3,264052,0,0
shootout,fasta_3,shootout/fasta_3,264052,0,0
shootout,fasta_3,shootout/fasta_3,264052,0,0
shootout,fasta_3,shootout/fasta_3,264052,0,0
shootout,reversecomplement_naive,shootout/reversecomplement_naive,134841,0,0
shootout,reversecomplement_naive,shootout/reversecomplement_naive,126968,0,0
shootout,reversecomplement_naive,shootout/reversecomplement_naive,125093,0,0
shootout,reversecomplement_naive,shootout/reversecomplement_naive,125093,0,0
shootout,reversecomplement_naive,shootout/reversecomplement_naive,125093,0,0
shootout,reversecomplement_naive,shootout/reversecomplement_naive,125093,0,0
shootout,reversecomplement_naive,shootout/reversecomplement_naive,125093,0,0
shootout,reversecomplement_naive,shootout/reversecomplement_naive,125093,0,0
shootout,reversecomplement_naive,shootout/reversecomplement_naive,125093,0,0
shootout,reversecomplement_naive,shootout/reversecomplement_naive,125093,0,0
shootout,reversecomplement_naive,shootout/reversecomplement_naive,125093,0,0
shootout,reversecomplement_naive,shootout/reversecomplement_naive,125093,0,0
shootout,reversecomplement_naive,shootout/reversecomplement_naive,125093,0,0
shootout,reversecomplement_naive,shootout/reversecomplement_naive,125093,0,0
shootout,reversecomplement_naive,shootout/reversecomplement_naive,125093,0,0
shootout,fasta_naive,shootout/fasta_naive,119103,0,0
shootout,fasta_naive,shootout/fasta_naive,97384,0,0
shootout,fasta_naive,shootout/fasta_naive,90724,0,0
shootout,fasta_naive,shootout/fasta_naive,90724,0,0
shootout,fasta_naive,shootout/fasta_naive,90724,0,0
shootout,fasta_naive,shootout/fasta_naive,90724,0,0
shootout,fasta_naive,shootout/fasta_naive,90724,0,0
shootout,fasta_naive,shootout/fasta_naive,90724,0,0
shootout,fasta_naive,shootout/fasta_naive,90724,0,0
shootout,fasta_naive,shootout/fasta_naive,90724,0,0
shootout,fasta_naive,shootout/fasta_naive,90724,0,0
shootout,fasta_naive,shootout/fasta_naive,90724,0,0
shootout,fasta_naive,shootout/fasta_naive,90724,0,0
shootout,fasta_naive,shootout/fasta_naive,90724,0,0
shootout,fasta_naive,shootout/fasta_naive,90724,0,0
shootout,mandelbrot_ascii,shootout/mandelbrot_ascii,27734,0,0
shootout,mandelbrot_ascii,shootout/mandelbrot_ascii,5381,0,0
shootout,mandelbrot_ascii,shootout/mandelbrot_ascii,4241,0,0
shootout,mandelbrot_ascii,shootout/mandelbrot_ascii,4241,0,0
shootout,mandelbrot_ascii,shootout/mandelbrot_ascii,4241,0,0
shootout,mandelbrot_ascii,shootout/mandelbrot_ascii,4241,0,0
shootout,mandelbrot_ascii,shootout/mandelbrot_ascii,4241,0,0
shootout,mandelbrot_ascii,shootout/mandelbrot_ascii,4241,0,0
shootout,mandelbrot_ascii,shootout/mandelbrot_ascii,4241,0,0
shootout,mandelbrot_ascii,shootout/mandelbrot_ascii,4241,0,0
shootout,mandelbrot_ascii,shootout/mandelbrot_ascii,4241,0,0
shootout,mandelbrot_ascii,shootout/mandelbrot_ascii,4241,0,0
shootout,mandelbrot_ascii,shootout/mandelbrot_ascii,4241,0,0
shootout,mandelbrot_ascii,shootout/mandelbrot_ascii,4241,0,0
shootout,mandelbrot_ascii,shootout/mandelbrot_ascii,4241,0,0
simple,scalar-for,simple/scalar-for,2294,0,0
simple,scalar-for,simple/scalar-for,19,0,0
simple,scalar-for,simple/scalar-for,19,0,0
simple,scalar-for,simple/scalar-for,19,0,0
simple,scalar-for,simple/scalar-for,19,0,0
simple,scalar-for,simple/scalar-for,19,0,0
simple,scalar-for,simple/scalar-for,19,0,0
simple,scalar-for,simple/scalar-for,19,0,0
simple,scalar-for,simple/scalar-for,19,0,0
simple,scalar-for,simple/scalar-for,19,0,0
simple,scalar-for,simple/scalar-for,19,0,0
simple,scalar-for,simple/scalar-for,19,0,0
simple,scalar-for,simple/scalar-for,19,0,0
simple,scalar-for,simple/scalar-for,19,0,0
simple,scalar-for,simple/scalar-for,19,0,0
real_thing,convolution_v,real_thing/convolution_v,5278,0,0
real_thing,convolution_v,real_thing/convolution_v,223,0,0
real_thing,convolution_v,real_thing/convolution_v,223,0,0
real_thing,convolution_v,real_thing/convolution_v,223,0,0
real_thing,convolution_v,real_thing/convolution_v,223,0,0
real_thing,convolution_v,real_thing/convolution_v,223,0,0
real_thing,convolution_v,real_thing/convolution_v,223,0,0
real_thing,convolution_v,real_thing/convolution_v,223,0,0
real_thing,convolution_v,real_thing/convolution_v,223,0,0
real_thing,convolution_v,real_thing/convolution_v,223,0,0
real_thing,convolution_v,real_thing/convolution_v,223,0,0
real_thing,convolution_v,real_thing/convolution_v,223,0,0
real_thing,convolution_v,real_thing/convolution_v,223,0,0
real_thing,convolution_v,real_thing/convolution_v,223,0,0
real_thing,convolution_v,real_thing/convolution_v,223,0,0
shootout,spectralnorm,shootout/spectralnorm,11555094,0,0
shootout,spectralnorm,shootout/spectralnorm,11525982,0,0
shootout,spectralnorm,shootout/spectralnorm,11524842,0,0
shootout,spectralnorm,shootout/spectralnorm,11524842,0,0
shootout,spectralnorm,shootout/spectralnorm,11524842,0,0
shootout,spectralnorm,shootout/spectralnorm,11524842,0,0
shootout,spectralnorm,shootout/spectralnorm,11524842,0,0
shootout,spectralnorm,shootout/spectralnorm,11524842,0,0
shootout,spectralnorm,shootout/spectralnorm,11524842,0,0
shootout,spectralnorm,shootout/spectralnorm,11524842,0,0
shootout,spectralnorm,shootout/spectralnorm,11524842,0,0
shootout,spectralnorm,shootout/spectralnorm,11524842,0,0
shootout,spectralnorm,shootout/spectralnorm,11524842,0,0
shootout,spectralnorm,shootout/spectralnorm,11524842,0,0
shootout,spectralnorm,shootout/spectralnorm,11524842,0,0
shootout,pidigits,shootout/pidigits,358120,0,0
shootout,pidigits,shootout/pidigits,125464,0,0
shootout,pidigits,shootout/pidigits,124324,0,0
shootout,pidigits,shootout/pidigits,124324,0,0
shootout,pidigits,shootout/pidigits,124324,0,0
shootout,pidigits,shootout/pidigits,124324,0,0
shootout,pidigits,shootout/pidigits,124324,0,0
shootout,pidigits,shootout/pidigits,124324,0,0
shootout,pidigits,shootout/pidigits,124324,0,0
shootout,pidigits,shootout/pidigits,124324,0,0
shootout,pidigits,shootout/pidigits,124324,0,0
shootout,pidigits,shootout/pidigits,124324,0,0
shootout,pidigits,shootout/pidigits,124324,0,0
shootout,pidigits,shootout/pidigits,124324,0,0
shootout,pidigits,shootout/pidigits,124324,0,0
shootout,mandelbrot_naive_ascii,shootout/mandelbrot_naive_ascii,56660,0,0
shootout,mandelbrot_naive_ascii,shootout/mandelbrot_naive_ascii,31179,0,0
shootout,mandelbrot_naive_ascii,shootout/mandelbrot_naive_ascii,30039,0,0
shootout,mandelbrot_naive_ascii,shootout/mandelbrot_naive_ascii,30039,0,0
shootout,mandelbrot_naive_ascii,shootout/mandelbrot_naive_ascii,30039,0,0
shootout,mandelbrot_naive_ascii,shootout/mandelbrot_naive_ascii,30039,0,0
shootout,mandelbrot_naive_ascii,shootout/mandelbrot_naive_ascii,30039,0,0
shootout,mandelbrot_naive_ascii,shootout/mandelbrot_naive_ascii,30039,0,0
shootout,mandelbrot_naive_ascii,shootout/mandelbrot_naive_ascii,30039,0,0
shootout,mandelbrot_naive_ascii,shootout/mandelbrot_naive_ascii,30039,0,0
shootout,mandelbrot_naive_ascii,shootout/mandelbrot_naive_ascii,30039,0,0
shootout,mandelbrot_naive_ascii,shootout/mandelbrot_naive_ascii,30039,0,0
shootout,mandelbrot_naive_ascii,shootout/mandelbrot_naive_ascii,30039,0,0
shootout,mandelbrot_naive_ascii,shootout/mandelbrot_naive_ascii,30039,0,0
shootout,mandelbrot_naive_ascii,shootout/mandelbrot_naive_ascii,30039,0,0
simple,lapply,simple/lapply,1000027,0,0
simple,lapply,simple/lapply,1003408,0,0
simple,lapply,simple/lapply,1000023,0,0
simple,lapply,simple/lapply,1000023,0,0
simple,lapply,simple/lapply,1000023,0,0
simple,lapply,simple/lapply,1000023,0,0
simple,lapply,simple/lapply,1000023,0,0
simple,lapply,simple/lapply,1000023,0,0
simple,lapply,simple/lapply,1000023,0,0
simple,lapply,simple/lapply,1000023,0,0
simple,lapply,simple/lapply,1000023,0,0
simple,lapply,simple/lapply,1000023,0,0
simple,lapply,simple/lapply,1000023,0,0
simple,lapply,simple/lapply,1000023,0,0
simple,lapply,simple/lapply,1000023,0,0
shootout_annotations,fasta_3_strict,shootout_annotations/fasta_3_strict,299210,0,0
shootout_annotations,fasta_3_strict,shootout_annotations/fasta_3_strict,270712,0,0
shootout_annotations,fasta_3_strict,shootout_annotations/fasta_3_strict,264052,0,0
shootout_annotations,fasta_3_strict,shootout_annotations/fasta_3_strict,264052,0,0
shootout_annotations,fasta_3_strict,shootout_annotations/fasta_3_strict,264052,0,0
shootout_annotations,fasta_3_strict,shootout_annotations/fasta_3_strict,264052,0,0
shootout_annotations,fasta_3_strict,shootout_annotations/fasta_3_strict,264052,0,0
shootout_annotations,fasta_3_strict,shootout_annotations/fasta_3_strict,264052,0,0
shootout_annotations,fasta_3_strict,shootout_annotations/fasta_3_strict,264052,0,0
shootout_annotations,fasta_3_strict,shootout_annotations/fasta_3_strict,264052,0,0
shootout_annotations,fasta_3_strict,shootout_annotations/fasta_3_strict,264052,0,0
shootout_annotations,fasta_3_strict,shootout_annotations/fasta_3_strict,264052,0,0
shootout_annotations,fasta_3_strict,shootout_annotations/fasta_3_strict,264052,0,0
shootout_annotations,fasta_3_strict,shootout_annotations/fasta_3_strict,264052,0,0
shootout_annotations,fasta_3_strict,shootout_annotations/fasta_3_strict,264052,0,0
simple,vector-for,simple/vector-for,3040,0,0
simple,vector-for,simple/vector-for,19,0,0
simple,vector-for,simple/vector-for,19,0,0
simple,vector-for,simple/vector-for,19,0,0
simple,vector-for,simple/vector-for,19,0,0
simple,vector-for,simple/vector-for,19,0,0
simple,vector-for,simple/vector-for,19,0,0
simple,vector-for,simple/vector-for,19,0,0
simple,vector-for,simple/vector-for,19,0,0
simple,vector-for,simple/vector-for,19,0,0
simple,vector-for,simple/vector-for,19,0,0
simple,vector-for,simple/vector-for,19,0,0
simple,vector-for,simple/vector-for,19,0,0
simple,vector-for,simple/vector-for,19,0,0
simple,vector-for,simple/vector-for,19,0,0
shootout,fannkuchredux_naive,shootout/fannkuchredux_naive,36168,0,0
shootout,fannkuchredux_naive,shootout/fannkuchredux_naive,4084,0,0
shootout,fannkuchredux_naive,shootout/fannkuchredux_naive,39,0,0
shootout,fannkuchredux_naive,shootout/fannkuchredux_naive,39,0,0
shootout,fannkuchredux_naive,shootout/fannkuchredux_naive,39,0,0
shootout,fannkuchredux_naive,shootout/fannkuchredux_naive,39,0,0
shootout,fannkuchredux_naive,shootout/fannkuchredux_naive,39,0,0
shootout,fannkuchredux_naive,shootout/fannkuchredux_naive,39,0,0
shootout,fannkuchredux_naive,shootout/fannkuchredux_naive,39,0,0
shootout,fannkuchredux_naive,shootout/fannkuchredux_naive,39,0,0
shootout,fannkuchredux_naive,shootout/fannkuchredux_naive,39,0,0
shootout,fannkuchredux_naive,shootout/fannkuchredux_naive,39,0,0
shootout,fannkuchredux_naive,shootout/fannkuchredux_naive,39,0,0
shootout,fannkuchredux_naive,shootout/fannkuchredux_naive,39,0,0
shootout,fannkuchredux_naive,shootout/fannkuchredux_naive,39,0,0
shootout,knucleotide_brute,shootout/knucleotide_brute,255473,0,0
shootout,knucleotide_brute,shootout/knucleotide_brute,217342,0,0
shootout,knucleotide_brute,shootout/knucleotide_brute,215467,0,0
shootout,knucleotide_brute,shootout/knucleotide_brute,215467,0,0
shootout,knucleotide_brute,shootout/knucleotide_brute,215467,0,0
shootout,knucleotide_brute,shootout/knucleotide_brute,215467,0,0
shootout,knucleotide_brute,shootout/knucleotide_brute,215467,0,0
shootout,knucleotide_brute,shootout/knucleotide_brute,215467,0,0
shootout,knucleotide_brute,shootout/knucleotide_brute,215467,0,0
shootout,knucleotide_brute,shootout/knucleotide_brute,215467,0,0
shootout,knucleotide_brute,shootout/knucleotide_brute,215467,0,0
shootout,knucleotide_brute,shootout/knucleotide_brute,215467,0,0
shootout,knucleotide_brute,shootout/knucleotide_brute,215467,0,0
shootout,knucleotide_brute,shootout/knucleotide_brute,215467,0,0
shootout,knucleotide_brute,shootout/knucleotide_brute,215467,0,0
shootout,regexdna,shootout/regexdna,15787,0,0
shootout,regexdna,shootout/regexdna,2106,0,0
shootout,regexdna,shootout/regexdna,231,0,0
shootout,regexdna,shootout/regexdna,231,0,0
shootout,regexdna,shootout/regexdna,231,0,0
shootout,regexdna,shootout/regexdna,231,0,0
shootout,regexdna,shootout/regexdna,231,0,0
shootout,regexdna,shootout/regexdna,231,0,0
shootout,regexdna,shootout/regexdna,231,0,0
shootout,regexdna,shootout/regexdna,231,0,0
shootout,regexdna,shootout/regexdna,231,0,0
shootout,regexdna,shootout/regexdna,231,0,0
shootout,regexdna,shootout/regexdna,231,0,0
shootout,regexdna,shootout/regexdna,231,0,0
shootout,regexdna,shootout/regexdna,231,0,0
shootout,reversecomplement_2,shootout/reversecomplement_2,283831,0,0
shootout,reversecomplement_2,shootout/reversecomplement_2,276948,0,0
shootout,reversecomplement_2,shootout/reversecomplement_2,275073,0,0
shootout,reversecomplement_2,shootout/reversecomplement_2,275073,0,0
shootout,reversecomplement_2,shootout/reversecomplement_2,275073,0,0
shootout,reversecomplement_2,shootout/reversecomplement_2,275073,0,0
shootout,reversecomplement_2,shootout/reversecomplement_2,275073,0,0
shootout,reversecomplement_2,shootout/reversecomplement_2,275073,0,0
shootout,reversecomplement_2,shootout/reversecomplement_2,275073,0,0
shootout,reversecomplement_2,shootout/reversecomplement_2,275073,0,0
shootout,reversecomplement_2,shootout/reversecomplement_2,275073,0,0
shootout,reversecomplement_2,shootout/reversecomplement_2,275073,0,0
shootout,reversecomplement_2,shootout/reversecomplement_2,275073,0,0
shootout,reversecomplement_2,shootout/reversecomplement_2,275073,0,0
shootout,reversecomplement_2,shootout/reversecomplement_2,275073,0,0
shootout_annotations,spectralnorm_strict,shootout_annotations/spectralnorm_strict,11558016,0,0
shootout_annotations,spectralnorm_strict,shootout_annotations/spectralnorm_strict,11525986,0,0
shootout_annotations,spectralnorm_strict,shootout_annotations/spectralnorm_strict,11524846,0,0
shootout_annotations,spectralnorm_strict,shootout_annotations/spectralnorm_strict,11524846,0,0
shootout_annotations,spectralnorm_strict,shootout_annotations/spectralnorm_strict,11524846,0,0
shootout_annotations,spectralnorm_strict,shootout_annotations/spectralnorm_strict,11524846,0,0
shootout_annotations,spectralnorm_strict,shootout_annotations/spectralnorm_strict,11524846,0,0
shootout_annotations,spectralnorm_strict,shootout_annotations/spectralnorm_strict,11524846,0,0
shootout_annotations,spectralnorm_strict,shootout_annotations/spectralnorm_strict,11524846,0,0
shootout_annotations,spectralnorm_strict,shootout_annotations/spectralnorm_strict,11524846,0,0
shootout_annotations,spectralnorm_strict,shootout_annotations/spectralnorm_strict,11524846,0,0
shootout_annotations,spectralnorm_strict,shootout_annotations/spectralnorm_strict,11524846,0,0
shootout_annotations,spectralnorm_strict,shootout_annotations/spectralnorm_strict,11524846,0,0
shootout_annotations,spectralnorm_strict,shootout_annotations/spectralnorm_strict,11524846,0,0
shootout_annotations,spectralnorm_strict,shootout_annotations/spectralnorm_strict,11524846,0,0
shootout,binarytrees_2,shootout/binarytrees_2,325715,0,0
shootout,binarytrees_2,shootout/binarytrees_2,302049,0,0
shootout,binarytrees_2,shootout/binarytrees_2,300909,0,0
shootout,binarytrees_2,shootout/binarytrees_2,300909,0,0
shootout,binarytrees_2,shootout/binarytrees_2,300909,0,0
shootout,binarytrees_2,shootout/binarytrees_2,300909,0,0
shootout,binarytrees_2,shootout/binarytrees_2,300909,0,0
shootout,binarytrees_2,shootout/binarytrees_2,300909,0,0
shootout,binarytrees_2,shootout/binarytrees_2,300909,0,0
shootout,binarytrees_2,shootout/binarytrees_2,300909,0,0
shootout,binarytrees_2,shootout/binarytrees_2,300909,0,0
shootout,binarytrees_2,shootout/binarytrees_2,300909,0,0
shootout,binarytrees_2,shootout/binarytrees_2,300909,0,0
shootout,binarytrees_2,shootout/binarytrees_2,300909,0,0
shootout,binarytrees_2,shootout/binarytrees_2,300909,0,0
shootout,spectralnorm_alt_3,shootout/spectralnorm_alt_3,5031511,0,0
shootout,spectralnorm_alt_3,shootout/spectralnorm_alt_3,5001422,0,0
shootout,spectralnorm_alt_3,shootout/spectralnorm_alt_3,5000282,0,0
shootout,spectralnorm_alt_3,shootout/spectralnorm_alt_3,5000282,0,0
shootout,spectralnorm_alt_3,shootout/spectralnorm_alt_3,5000282,0,0
shootout,spectralnorm_alt_3,shootout/spectralnorm_alt_3,5000282,0,0
shootout,spectralnorm_alt_3,shootout/spectralnorm_alt_3,5000282,0,0
shootout,spectralnorm_alt_3,shootout/spectralnorm_alt_3,5000282,0,0
shootout,spectralnorm_alt_3,shootout/spectralnorm_alt_3,5000282,0,0
shootout,spectralnorm_alt_3,shootout/spectralnorm_alt_3,5000282,0,0
shootout,spectralnorm_alt_3,shootout/spectralnorm_alt_3,5000282,0,0
shootout,spectralnorm_alt_3,shootout/spectralnorm_alt_3,5000282,0,0
shootout,spectralnorm_alt_3,shootout/spectralnorm_alt_3,5000282,0,0
shootout,spectralnorm_alt_3,shootout/spectralnorm_alt_3,5000282,0,0
shootout,spectralnorm_alt_3,shootout/spectralnorm_alt_3,5000282,0,0
real_thing,flexclust,real_thing/flexclust,12008104,0,0
real_thing,flexclust,real_thing/flexclust,11842785,0,0
real_thing,flexclust,real_thing/flexclust,11807815,0,0
real_thing,flexclust,real_thing/flexclust,11807815,0,0
real_thing,flexclust,real_thing/flexclust,11807815,0,0
real_thing,flexclust,real_thing/flexclust,11807815,0,0
real_thing,flexclust,real_thing/flexclust,11807815,0,0
real_thing,flexclust,real_thing/flexclust,11807815,0,0
real_thing,flexclust,real_thing/flexclust,11807815,0,0
real_thing,flexclust,real_thing/flexclust,11807815,0,0
real_thing,flexclust,real_thing/flexclust,11807815,0,0
real_thing,flexclust,real_thing/flexclust,11807815,0,0
real_thing,flexclust,real_thing/flexclust,11807815,0,0
real_thing,flexclust,real_thing/flexclust,11807815,0,0
real_thing,flexclust,real_thing/flexclust,11807815,0,0
shootout,nbody,shootout/nbody,1085843,0,0
shootout,nbody,shootout/nbody,1058615,0,0
shootout,nbody,shootout/nbody,1050129,0,0
shootout,nbody,shootout/nbody,1050129,0,0
shootout,nbody,shootout/nbody,1050129,0,0
shootout,nbody,shootout/nbody,1050129,0,0
shootout,nbody,shootout/nbody,1050129,0,0
shootout,nbody,shootout/nbody,1050129,0,0
shootout,nbody,shootout/nbody,1050129,0,0
shootout,nbody,shootout/nbody,1050129,0,0
shootout,nbody,shootout/nbody,1050129,0,0
shootout,nbody,shootout/nbody,1050129,0,0
shootout,nbody,shootout/nbody,1050129,0,0
shootout,nbody,shootout/nbody,1050129,0,0
shootout,nbody,shootout/nbody,1050129,0,0
simple,super-while,simple/super-while,4117,0,0
simple,super-while,simple/super-while,19,0,0
simple,super-while,simple/super-while,19,0,0
simple,super-while,simple/super-while,19,0,0
simple,super-while,simple/super-while,19,0,0
simple,super-while,simple/super-while,19,0,0
simple,super-while,simple/super-while,19,0,0
simple,super-while,simple/super-while,19,0,0
simple,super-while,simple/super-while,19,0,0
simple,super-while,simple/super-while,19,0,0
simple,super-while,simple/super-while,19,0,0
simple,super-while,simple/super-while,19,0,0
simple,super-while,simple/super-while,19,0,0
simple,super-while,simple/super-while,19,0,0
simple,super-while,simple/super-while,19,0,0
shootout,binarytrees_naive,shootout/binarytrees_naive,324368,0,0
shootout,binarytrees_naive,shootout/binarytrees_naive,301308,0,0
shootout,binarytrees_naive,shootout/binarytrees_naive,300168,0,0
shootout,binarytrees_naive,shootout/binarytrees_naive,300168,0,0
shootout,binarytrees_naive,shootout/binarytrees_naive,300168,0,0
shootout,binarytrees_naive,shootout/binarytrees_naive,300168,0,0
shootout,binarytrees_naive,shootout/binarytrees_naive,300168,0,0
shootout,binarytrees_naive,shootout/binarytrees_naive,300168,0,0
shootout,binarytrees_naive,shootout/binarytrees_naive,300168,0,0
shootout,binarytrees_naive,shootout/binarytrees_naive,300168,0,0
shootout,binarytrees_naive,shootout/binarytrees_naive,300168,0,0
shootout,binarytrees_naive,shootout/binarytrees_naive,300168,0,0
shootout,binarytrees_naive,shootout/binarytrees_naive,300168,0,0
shootout,binarytrees_naive,shootout/binarytrees_naive,300168,0,0
shootout,binarytrees_naive,shootout/binarytrees_naive,300168,0,0
simple,profiler-microbenchmark,simple/profiler-microbenchmark,6075,0,0
simple,profiler-microbenchmark,simple/profiler-microbenchmark,29,0,0
simple,profiler-microbenchmark,simple/profiler-microbenchmark,29,0,0
simple,profiler-microbenchmark,simple/profiler-microbenchmark,29,0,0
simple,profiler-microbenchmark,simple/profiler-microbenchmark,29,0,0
simple,profiler-microbenchmark,simple/profiler-microbenchmark,29,0,0
simple,profiler-microbenchmark,simple/profiler-microbenchmark,29,0,0
simple,profiler-microbenchmark,simple/profiler-microbenchmark,29,0,0
simple,profiler-microbenchmark,simple/profiler-microbenchmark,29,0,0
simple,profiler-microbenchmark,simple/profiler-microbenchmark,29,0,0
simple,profiler-microbenchmark,simple/profiler-microbenchmark,29,0,0
simple,profiler-microbenchmark,simple/profiler-microbenchmark,29,0,0
simple,profiler-microbenchmark,simple/profiler-microbenchmark,29,0,0
simple,profiler-microbenchmark,simple/profiler-microbenchmark,29,0,0
simple,profiler-microbenchmark,simple/profiler-microbenchmark,29,0,0
are-we-fast-r,Storage,are-we-fast-r/Storage,1520183,0,0
are-we-fast-r,Storage,are-we-fast-r/Storage,1502946,0,0
are-we-fast-r,Storage,are-we-fast-r/Storage,1501920,0,0
are-we-fast-r,Storage,are-we-fast-r/Storage,1501920,0,0
are-we-fast-r,Storage,are-we-fast-r/Storage,1501920,0,0
are-we-fast-r,Storage,are-we-fast-r/Storage,1501920,0,0
are-we-fast-r,Storage,are-we-fast-r/Storage,1501920,0,0
are-we-fast-r,Storage,are-we-fast-r/Storage,1501920,0,0
are-we-fast-r,Storage,are-we-fast-r/Storage,1501920,0,0
are-we-fast-r,Storage,are-we-fast-r/Storage,1501920,0,0
are-we-fast-r,Storage,are-we-fast-r/Storage,1501920,0,0
are-we-fast-r,Storage,are-we-fast-r/Storage,1501920,0,0
are-we-fast-r,Storage,are-we-fast-r/Storage,1501920,0,0
are-we-fast-r,Storage,are-we-fast-r/Storage,1501920,0,0
are-we-fast-r,Storage,are-we-fast-r/Storage,1501920,0,0
shootout,fannkuchredux,shootout/fannkuchredux,1622974,0,0
shootout,fannkuchredux,shootout/fannkuchredux,1593029,0,0
shootout,fannkuchredux,shootout/fannkuchredux,1588984,0,0
shootout,fannkuchredux,shootout/fannkuchredux,1588984,0,0
shootout,fannkuchredux,shootout/fannkuchredux,1588984,0,0
shootout,fannkuchredux,shootout/fannkuchredux,1588984,0,0
shootout,fannkuchredux,shootout/fannkuchredux,1588984,0,0
shootout,fannkuchredux,shootout/fannkuchredux,1588984,0,0
shootout,fannkuchredux,shootout/fannkuchredux,1588984,0,0
shootout,fannkuchredux,shootout/fannkuchredux,1588984,0,0
shootout,fannkuchredux,shootout/fannkuchredux,1588984,0,0
shootout,fannkuchredux,shootout/fannkuchredux,1588984,0,0
shootout,fannkuchredux,shootout/fannkuchredux,1588984,0,0
shootout,fannkuchredux,shootout/fannkuchredux,1588984,0,0
shootout,fannkuchredux,shootout/fannkuchredux,1588984,0,0
shootout_annotations,spectralnorm_alt_3_strict,shootout_annotations/spectralnorm_alt_3_strict,5034433,0,0
shootout_annotations,spectralnorm_alt_3_strict,shootout_annotations/spectralnorm_alt_3_strict,5001426,0,0
shootout_annotations,spectralnorm_alt_3_strict,shootout_annotations/spectralnorm_alt_3_strict,5000286,0,0
shootout_annotations,spectralnorm_alt_3_strict,shootout_annotations/spectralnorm_alt_3_strict,5000286,0,0
shootout_annotations,spectralnorm_alt_3_strict,shootout_annotations/spectralnorm_alt_3_strict,5000286,0,0
shootout_annotations,spectralnorm_alt_3_strict,shootout_annotations/spectralnorm_alt_3_strict,5000286,0,0
shootout_annotations,spectralnorm_alt_3_strict,shootout_annotations/spectralnorm_alt_3_strict,5000286,0,0
shootout_annotations,spectralnorm_alt_3_strict,shootout_annotations/spectralnorm_alt_3_strict,5000286,0,0
shootout_annotations,spectralnorm_alt_3_strict,shootout_annotations/spectralnorm_alt_3_strict,5000286,0,0
shootout_annotations,spectralnorm_alt_3_strict,shootout_annotations/spectralnorm_alt_3_strict,5000286,0,0
shootout_annotations,spectralnorm_alt_3_strict,shootout_annotations/spectralnorm_alt_3_strict,5000286,0,0
shootout_annotations,spectralnorm_alt_3_strict,shootout_annotations/spectralnorm_alt_3_strict,5000286,0,0
shootout_annotations,spectralnorm_alt_3_strict,shootout_annotations/spectralnorm_alt_3_strict,5000286,0,0
shootout_annotations,spectralnorm_alt_3_strict,shootout_annotations/spectralnorm_alt_3_strict,5000286,0,0
shootout_annotations,spectralnorm_alt_3_strict,shootout_annotations/spectralnorm_alt_3_strict,5000286,0,0
shootout,reversecomplement,shootout/reversecomplement,383239,0,0
shootout,reversecomplement,shootout/reversecomplement,376958,0,0
shootout,reversecomplement,shootout/reversecomplement,375083,0,0
shootout,reversecomplement,shootout/reversecomplement,375083,0,0
shootout,reversecomplement,shootout/reversecomplement,375083,0,0
shootout,reversecomplement,shootout/reversecomplement,375083,0,0
shootout,reversecomplement,shootout/reversecomplement,375083,0,0
shootout,reversecomplement,shootout/reversecomplement,375083,0,0
shootout,reversecomplement,shootout/reversecomplement,375083,0,0
shootout,reversecomplement,shootout/reversecomplement,375083,0,0
shootout,reversecomplement,shootout/reversecomplement,375083,0,0
shootout,reversecomplement,shootout/reversecomplement,375083,0,0
shootout,reversecomplement,shootout/reversecomplement,375083,0,0
shootout,reversecomplement,shootout/reversecomplement,375083,0,0
shootout,reversecomplement,shootout/reversecomplement,375083,0,0
shootout,nbody_2,shootout/nbody_2,308554,0,0
shootout,nbody_2,shootout/nbody_2,280128,0,0
shootout,nbody_2,shootout/nbody_2,276099,0,0
shootout,nbody_2,shootout/nbody_2,276099,0,0
shootout,nbody_2,shootout/nbody_2,276099,0,0
shootout,nbody_2,shootout/nbody_2,276099,0,0
shootout,nbody_2,shootout/nbody_2,276099,0,0
shootout,nbody_2,shootout/nbody_2,276099,0,0
shootout,nbody_2,shootout/nbody_2,276099,0,0
shootout,nbody_2,shootout/nbody_2,276099,0,0
shootout,nbody_2,shootout/nbody_2,276099,0,0
shootout,nbody_2,shootout/nbody_2,276099,0,0
shootout,nbody_2,shootout/nbody_2,276099,0,0
shootout,nbody_2,shootout/nbody_2,276099,0,0
shootout,nbody_2,shootout/nbody_2,276099,0,0
simple,profiler-rsa,simple/profiler-rsa,1209311,0,0
simple,profiler-rsa,simple/profiler-rsa,1200029,0,0
simple,profiler-rsa,simple/profiler-rsa,1200029,0,0
simple,profiler-rsa,simple/profiler-rsa,1200029,0,0
simple,profiler-rsa,simple/profiler-rsa,1200029,0,0
simple,profiler-rsa,simple/profiler-rsa,1200029,0,0
simple,profiler-rsa,simple/profiler-rsa,1200029,0,0
simple,profiler-rsa,simple/profiler-rsa,1200029,0,0
simple,profiler-rsa,simple/profiler-rsa,1200029,0,0
simple,profiler-rsa,simple/profiler-rsa,1200029,0,0
simple,profiler-rsa,simple/profiler-rsa,1200029,0,0
simple,profiler-rsa,simple/profiler-rsa,1200029,0,0
simple,profiler-rsa,simple/profiler-rsa,1200029,0,0
simple,profiler-rsa,simple/profiler-rsa,1200029,0,0
simple,profiler-rsa,simple/profiler-rsa,1200029,0,0
simple,empty-while,simple/empty-while,2681,0,0
simple,empty-while,simple/empty-while,19,0,0
simple,empty-while,simple/empty-while,19,0,0
simple,empty-while,simple/empty-while,19,0,0
simple,empty-while,simple/empty-while,19,0,0
simple,empty-while,simple/empty-while,19,0,0
simple,empty-while,simple/empty-while,19,0,0
simple,empty-while,simple/empty-while,19,0,0
simple,empty-while,simple/empty-while,19,0,0
simple,empty-while,simple/empty-while,19,0,0
simple,empty-while,simple/empty-while,19,0,0
simple,empty-while,simple/empty-while,19,0,0
simple,empty-while,simple/empty-while,19,0,0
simple,empty-while,simple/empty-while,19,0,0
simple,empty-while,simple/empty-while,19,0,0
shootout,spectralnorm_naive,shootout/spectralnorm_naive,1839675,0,0
shootout,spectralnorm_naive,shootout/spectralnorm_naive,1801238,0,0
shootout,spectralnorm_naive,shootout/spectralnorm_naive,1800098,0,0
shootout,spectralnorm_naive,shootout/spectralnorm_naive,1800098,0,0
shootout,spectralnorm_naive,shootout/spectralnorm_naive,1800098,0,0
shootout,spectralnorm_naive,shootout/spectralnorm_naive,1800098,0,0
shootout,spectralnorm_naive,shootout/spectralnorm_naive,1800098,0,0
shootout,spectralnorm_naive,shootout/spectralnorm_naive,1800098,0,0
shootout,spectralnorm_naive,shootout/spectralnorm_naive,1800098,0,0
shootout,spectralnorm_naive,shootout/spectralnorm_naive,1800098,0,0
shootout,spectralnorm_naive,shootout/spectralnorm_naive,1800098,0,0
shootout,spectralnorm_naive,shootout/spectralnorm_naive,1800098,0,0
shootout,spectralnorm_naive,shootout/spectralnorm_naive,1800098,0,0
shootout,spectralnorm_naive,shootout/spectralnorm_naive,1800098,0,0
shootout,spectralnorm_naive,shootout/spectralnorm_naive,1800098,0,0
simple,profiler-shared,simple/profiler-shared,40014062,0,0
simple,profiler-shared,simple/profiler-shared,40000068,0,0
simple,profiler-shared,simple/profiler-shared,40000068,0,0
simple,profiler-shared,simple/profiler-shared,40000068,0,0
simple,profiler-shared,simple/profiler-shared,40000068,0,0
simple,profiler-shared,simple/profiler-shared,40000068,0,0
simple,profiler-shared,simple/profiler-shared,40000068,0,0
simple,profiler-shared,simple/profiler-shared,40000068,0,0
simple,profiler-shared,simple/profiler-shared,40000068,0,0
simple,profiler-shared,simple/profiler-shared,40000068,0,0
simple,profiler-shared,simple/profiler-shared,40000068,0,0
simple,profiler-shared,simple/profiler-shared,40000068,0,0
simple,profiler-shared,simple/profiler-shared,40000068,0,0
simple,profiler-shared,simple/profiler-shared,40000068,0,0
simple,profiler-shared,simple/profiler-shared,40000068,0,0
real_thing_annotations,flexclust_strict,real_thing_annotations/flexclust_strict,12008104,0,0
real_thing_annotations,flexclust_strict,real_thing_annotations/flexclust_strict,11842785,0,0
real_thing_annotations,flexclust_strict,real_thing_annotations/flexclust_strict,11807815,0,0
real_thing_annotations,flexclust_strict,real_thing_annotations/flexclust_strict,11807815,0,0
real_thing_annotations,flexclust_strict,real_thing_annotations/flexclust_strict,11807815,0,0
real_thing_annotations,flexclust_strict,real_thing_annotations/flexclust_strict,11807815,0,0
real_thing_annotations,flexclust_strict,real_thing_annotations/flexclust_strict,11807815,0,0
real_thing_annotations,flexclust_strict,real_thing_annotations/flexclust_strict,11807815,0,0
real_thing_annotations,flexclust_strict,real_thing_annotations/flexclust_strict,11807815,0,0
real_thing_annotations,flexclust_strict,real_thing_annotations/flexclust_strict,11807815,0,0
real_thing_annotations,flexclust_strict,real_thing_annotations/flexclust_strict,11807815,0,0
real_thing_annotations,flexclust_strict,real_thing_annotations/flexclust_strict,11807815,0,0
real_thing_annotations,flexclust_strict,real_thing_annotations/flexclust_strict,11807815,0,0
real_thing_annotations,flexclust_strict,real_thing_annotations/flexclust_strict,11807815,0,0
real_thing_annotations,flexclust_strict,real_thing_annotations/flexclust_strict,11807815,0,0
shootout,knucleotide_brute_2,shootout/knucleotide_brute_2,259082,0,0
shootout,knucleotide_brute_2,shootout/knucleotide_brute_2,217349,0,0
shootout,knucleotide_brute_2,shootout/knucleotide_brute_2,215474,0,0
shootout,knucleotide_brute_2,shootout/knucleotide_brute_2,215474,0,0
shootout,knucleotide_brute_2,shootout/knucleotide_brute_2,215474,0,0
shootout,knucleotide_brute_2,shootout/knucleotide_brute_2,215474,0,0
shootout,knucleotide_brute_2,shootout/knucleotide_brute_2,215474,0,0
shootout,knucleotide_brute_2,shootout/knucleotide_brute_2,215474,0,0
shootout,knucleotide_brute_2,shootout/knucleotide_brute_2,215474,0,0
shootout,knucleotide_brute_2,shootout/knucleotide_brute_2,215474,0,0
shootout,knucleotide_brute_2,shootout/knucleotide_brute_2,215474,0,0
shootout,knucleotide_brute_2,shootout/knucleotide_brute_2,215474,0,0
shootout,knucleotide_brute_2,shootout/knucleotide_brute_2,215474,0,0
shootout,knucleotide_brute_2,shootout/knucleotide_brute_2,215474,0,0
shootout,knucleotide_brute_2,shootout/knucleotide_brute_2,215474,0,0
real_thing,flexclust_no_s4,real_thing/flexclust_no_s4,11995328,0,0
real_thing,flexclust_no_s4,real_thing/flexclust_no_s4,11925536,0,0
real_thing,flexclust_no_s4,real_thing/flexclust_no_s4,11914917,0,0
real_thing,flexclust_no_s4,real_thing/flexclust_no_s4,11914917,0,0
real_thing,flexclust_no_s4,real_thing/flexclust_no_s4,11914917,0,0
real_thing,flexclust_no_s4,real_thing/flexclust_no_s4,11914917,0,0
real_thing,flexclust_no_s4,real_thing/flexclust_no_s4,11914917,0,0
real_thing,flexclust_no_s4,real_thing/flexclust_no_s4,11914917,0,0
real_thing,flexclust_no_s4,real_thing/flexclust_no_s4,11914917,0,0
real_thing,flexclust_no_s4,real_thing/flexclust_no_s4,11914917,0,0
real_thing,flexclust_no_s4,real_thing/flexclust_no_s4,11914917,0,0
real_thing,flexclust_no_s4,real_thing/flexclust_no_s4,11914917,0,0
real_thing,flexclust_no_s4,real_thing/flexclust_no_s4,11914917,0,0
real_thing,flexclust_no_s4,real_thing/flexclust_no_s4,11914917,0,0
real_thing,flexclust_no_s4,real_thing/flexclust_no_s4,11914917,0,0
simple,vector-while,simple/vector-while,3967,0,0
simple,vector-while,simple/vector-while,19,0,0
simple,vector-while,simple/vector-while,19,0,0
simple,vector-while,simple/vector-while,19,0,0
simple,vector-while,simple/vector-while,19,0,0
simple,vector-while,simple/vector-while,19,0,0
simple,vector-while,simple/vector-while,19,0,0
simple,vector-while,simple/vector-while,19,0,0
simple,vector-while,simple/vector-while,19,0,0
simple,vector-while,simple/vector-while,19,0,0
simple,vector-while,simple/vector-while,19,0,0
simple,vector-while,simple/vector-while,19,0,0
simple,vector-while,simple/vector-while,19,0,0
simple,vector-while,simple/vector-while,19,0,0
simple,vector-while,simple/vector-while,19,0,0
shootout,nbody_3,shootout/nbody_3,492277,0,0
shootout,nbody_3,shootout/nbody_3,464128,0,0
shootout,nbody_3,shootout/nbody_3,460099,0,0
shootout,nbody_3,shootout/nbody_3,460099,0,0
shootout,nbody_3,shootout/nbody_3,460099,0,0
shootout,nbody_3,shootout/nbody_3,460099,0,0
shootout,nbody_3,shootout/nbody_3,460099,0,0
shootout,nbody_3,shootout/nbody_3,460099,0,0
shootout,nbody_3,shootout/nbody_3,460099,0,0
shootout,nbody_3,shootout/nbody_3,460099,0,0
shootout,nbody_3,shootout/nbody_3,460099,0,0
shootout,nbody_3,shootout/nbody_3,460099,0,0
shootout,nbody_3,shootout/nbody_3,460099,0,0
shootout,nbody_3,shootout/nbody_3,460099,0,0
shootout,nbody_3,shootout/nbody_3,460099,0,0
shootout,spectralnorm_alt,shootout/spectralnorm_alt,22786,0,0
shootout,spectralnorm_alt,shootout/spectralnorm_alt,1260,0,0
shootout,spectralnorm_alt,shootout/spectralnorm_alt,120,0,0
shootout,spectralnorm_alt,shootout/spectralnorm_alt,120,0,0
shootout,spectralnorm_alt,shootout/spectralnorm_alt,120,0,0
shootout,spectralnorm_alt,shootout/spectralnorm_alt,120,0,0
shootout,spectralnorm_alt,shootout/spectralnorm_alt,120,0,0
shootout,spectralnorm_alt,shootout/spectralnorm_alt,120,0,0
shootout,spectralnorm_alt,shootout/spectralnorm_alt,120,0,0
shootout,spectralnorm_alt,shootout/spectralnorm_alt,120,0,0
shootout,spectralnorm_alt,shootout/spectralnorm_alt,120,0,0
shootout,spectralnorm_alt,shootout/spectralnorm_alt,120,0,0
shootout,spectralnorm_alt,shootout/spectralnorm_alt,120,0,0
shootout,spectralnorm_alt,shootout/spectralnorm_alt,120,0,0
shootout,spectralnorm_alt,shootout/spectralnorm_alt,120,0,0
shootout,spectralnorm_math,shootout/spectralnorm_math,15050,0,0
shootout,spectralnorm_math,shootout/spectralnorm_math,1437,0,0
shootout,spectralnorm_math,shootout/spectralnorm_math,297,0,0
shootout,spectralnorm_math,shootout/spectralnorm_math,297,0,0
shootout,spectralnorm_math,shootout/spectralnorm_math,297,0,0
shootout,spectralnorm_math,shootout/spectralnorm_math,297,0,0
shootout,spectralnorm_math,shootout/spectralnorm_math,297,0,0
shootout,spectralnorm_math,shootout/spectralnorm_math,297,0,0
shootout,spectralnorm_math,shootout/spectralnorm_math,297,0,0
shootout,spectralnorm_math,shootout/spectralnorm_math,297,0,0
shootout,spectralnorm_math,shootout/spectralnorm_math,297,0,0
shootout,spectralnorm_math,shootout/spectralnorm_math,297,0,0
shootout,spectralnorm_math,shootout/spectralnorm_math,297,0,0
shootout,spectralnorm_math,shootout/spectralnorm_math,297,0,0
shootout,spectralnorm_math,shootout/spectralnorm_math,297,0,0
simple,bytecodes,simple/bytecodes,15718,0,0
simple,bytecodes,simple/bytecodes,19,0,0
simple,bytecodes,simple/bytecodes,19,0,0
simple,bytecodes,simple/bytecodes,19,0,0
simple,bytecodes,simple/bytecodes,19,0,0
simple,bytecodes,simple/bytecodes,19,0,0
simple,bytecodes,simple/bytecodes,19,0,0
simple,bytecodes,simple/bytecodes,19,0,0
simple,bytecodes,simple/bytecodes,19,0,0
simple,bytecodes,simple/bytecodes,19,0,0
simple,bytecodes,simple/bytecodes,19,0,0
simple,bytecodes,simple/bytecodes,19,0,0
simple,bytecodes,simple/bytecodes,19,0,0
simple,bytecodes,simple/bytecodes,19,0,0
simple,bytecodes,simple/bytecodes,19,0,0
shootout,fasta,shootout/fasta,192531,0,0
shootout,fasta,shootout/fasta,176712,0,0
shootout,fasta,shootout/fasta,170052,0,0
shootout,fasta,shootout/fasta,170052,0,0
shootout,fasta,shootout/fasta,170052,0,0
shootout,fasta,shootout/fasta,170052,0,0
shootout,fasta,shootout/fasta,170052,0,0
shootout,fasta,shootout/fasta,170052,0,0
shootout,fasta,shootout/fasta,170052,0,0
shootout,fasta,shootout/fasta,170052,0,0
shootout,fasta,shootout/fasta,170052,0,0
shootout,fasta,shootout/fasta,170052,0,0
shootout,fasta,shootout/fasta,170052,0,0
shootout,fasta,shootout/fasta,170052,0,0
shootout,fasta,shootout/fasta,170052,0,0
simple,lapply-dots,simple/lapply-dots,1000028,0,0
simple,lapply-dots,simple/lapply-dots,1004499,0,0
simple,lapply-dots,simple/lapply-dots,1000024,0,0
simple,lapply-dots,simple/lapply-dots,1000024,0,0
simple,lapply-dots,simple/lapply-dots,1000024,0,0
simple,lapply-dots,simple/lapply-dots,1000024,0,0
simple,lapply-dots,simple/lapply-dots,1000024,0,0
simple,lapply-dots,simple/lapply-dots,1000024,0,0
simple,lapply-dots,simple/lapply-dots,1000024,0,0
simple,lapply-dots,simple/lapply-dots,1000024,0,0
simple,lapply-dots,simple/lapply-dots,1000024,0,0
simple,lapply-dots,simple/lapply-dots,1000024,0,0
simple,lapply-dots,simple/lapply-dots,1000024,0,0
simple,lapply-dots,simple/lapply-dots,1000024,0,0
simple,lapply-dots,simple/lapply-dots,1000024,0,0
shootout,knucleotide_brute_3,shootout/knucleotide_brute_3,258767,0,0
shootout,knucleotide_brute_3,shootout/knucleotide_brute_3,217345,0,0
shootout,knucleotide_brute_3,shootout/knucleotide_brute_3,215470,0,0
shootout,knucleotide_brute_3,shootout/knucleotide_brute_3,215470,0,0
shootout,knucleotide_brute_3,shootout/knucleotide_brute_3,215470,0,0
shootout,knucleotide_brute_3,shootout/knucleotide_brute_3,215470,0,0
shootout,knucleotide_brute_3,shootout/knucleotide_brute_3,215470,0,0
shootout,knucleotide_brute_3,shootout/knucleotide_brute_3,215470,0,0
shootout,knucleotide_brute_3,shootout/knucleotide_brute_3,215470,0,0
shootout,knucleotide_brute_3,shootout/knucleotide_brute_3,215470,0,0
shootout,knucleotide_brute_3,shootout/knucleotide_brute_3,215470,0,0
shootout,knucleotide_brute_3,shootout/knucleotide_brute_3,215470,0,0
shootout,knucleotide_brute_3,shootout/knucleotide_brute_3,215470,0,0
shootout,knucleotide_brute_3,shootout/knucleotide_brute_3,215470,0,0
shootout,knucleotide_brute_3,shootout/knucleotide_brute_3,215470,0,0
shootout,mandelbrot_noout_naive,shootout/mandelbrot_noout_naive,22267,0,0
shootout,mandelbrot_noout_naive,shootout/mandelbrot_noout_naive,1187,0,0
shootout,mandelbrot_noout_naive,shootout/mandelbrot_noout_naive,47,0,0
shootout,mandelbrot_noout_naive,shootout/mandelbrot_noout_naive,47,0,0
shootout,mandelbrot_noout_naive,shootout/mandelbrot_noout_naive,47,0,0
shootout,mandelbrot_noout_naive,shootout/mandelbrot_noout_naive,47,0,0
shootout,mandelbrot_noout_naive,shootout/mandelbrot_noout_naive,47,0,0
shootout,mandelbrot_noout_naive,shootout/mandelbrot_noout_naive,47,0,0
shootout,mandelbrot_noout_naive,shootout/mandelbrot_noout_naive,47,0,0
shootout,mandelbrot_noout_naive,shootout/mandelbrot_noout_naive,47,0,0
shootout,mandelbrot_noout_naive,shootout/mandelbrot_noout_naive,47,0,0
shootout,mandelbrot_noout_naive,shootout/mandelbrot_noout_naive,47,0,0
shootout,mandelbrot_noout_naive,shootout/mandelbrot_noout_naive,47,0,0
shootout,mandelbrot_noout_naive,shootout/mandelbrot_noout_naive,47,0,0
shootout,mandelbrot_noout_naive,shootout/mandelbrot_noout_naive,47,0,0
shootout,nbody_naive,shootout/nbody_naive,302951,0,0
shootout,nbody_naive,shootout/nbody_naive,248599,0,0
shootout,nbody_naive,shootout/nbody_naive,240129,0,0
shootout,nbody_naive,shootout/nbody_naive,240129,0,0
shootout,nbody_naive,shootout/nbody_naive,240129,0,0
shootout,nbody_naive,shootout/nbody_naive,240129,0,0
shootout,nbody_naive,shootout/nbody_naive,240129,0,0
shootout,nbody_naive,shootout/nbody_naive,240129,0,0
shootout,nbody_naive,shootout/nbody_naive,240129,0,0
shootout,nbody_naive,shootout/nbody_naive,240129,0,0
shootout,nbody_naive,shootout/nbody_naive,240129,0,0
shootout,nbody_naive,shootout/nbody_naive,240129,0,0
shootout,nbody_naive,shootout/nbody_naive,240129,0,0
shootout,nbody_naive,shootout/nbody_naive,240129,0,0
shootout,nbody_naive,shootout/nbody_naive,240129,0,0
shootout,fastaredux,shootout/fastaredux,157725,0,0
shootout,fastaredux,shootout/fastaredux,128611,0,0
shootout,fastaredux,shootout/fastaredux,121918,0,0
shootout,fastaredux,shootout/fastaredux,121978,0,0
shootout,fastaredux,shootout/fastaredux,121927,0,0
shootout,fastaredux,shootout/fastaredux,121891,0,0
shootout,fastaredux,shootout/fastaredux,121918,0,0
shootout,fastaredux,shootout/fastaredux,121891,0,0
shootout,fastaredux,shootout/fastaredux,121957,0,0
shootout,fastaredux,shootout/fastaredux,121921,0,0
shootout,fastaredux,shootout/fastaredux,121969,0,0
shootout,fastaredux,shootout/fastaredux,121936,0,0
shootout,fastaredux,shootout/fastaredux,121882,0,0
shootout,fastaredux,shootout/fastaredux,121918,0,0
shootout,fastaredux,shootout/fastaredux,121891,0,0
shootout,fasta_naive_2,shootout/fasta_naive_2,122821,0,0
shootout,fasta_naive_2,shootout/fasta_naive_2,97384,0,0
shootout,fasta_naive_2,shootout/fasta_naive_2,90724,0,0
shootout,fasta_naive_2,shootout/fasta_naive_2,90724,0,0
shootout,fasta_naive_2,shootout/fasta_naive_2,90724,0,0
shootout,fasta_naive_2,shootout/fasta_naive_2,90724,0,0
shootout,fasta_naive_2,shootout/fasta_naive_2,90724,0,0
shootout,fasta_naive_2,shootout/fasta_naive_2,90724,0,0
shootout,fasta_naive_2,shootout/fasta_naive_2,90724,0,0
shootout,fasta_naive_2,shootout/fasta_naive_2,90724,0,0
shootout,fasta_naive_2,shootout/fasta_naive_2,90724,0,0
shootout,fasta_naive_2,shootout/fasta_naive_2,90724,0,0
shootout,fasta_naive_2,shootout/fasta_naive_2,90724,0,0
shootout,fasta_naive_2,shootout/fasta_naive_2,90724,0,0
shootout,fasta_naive_2,shootout/fasta_naive_2,90724,0,0
shootout_annotations,knucleotide_brute_strict,shootout_annotations/knucleotide_brute_strict,255473,0,0
shootout_annotations,knucleotide_brute_strict,shootout_annotations/knucleotide_brute_strict,217342,0,0
shootout_annotations,knucleotide_brute_strict,shootout_annotations/knucleotide_brute_strict,215467,0,0
shootout_annotations,knucleotide_brute_strict,shootout_annotations/knucleotide_brute_strict,215467,0,0
shootout_annotations,knucleotide_brute_strict,shootout_annotations/knucleotide_brute_strict,215467,0,0
shootout_annotations,knucleotide_brute_strict,shootout_annotations/knucleotide_brute_strict,215467,0,0
shootout_annotations,knucleotide_brute_strict,shootout_annotations/knucleotide_brute_strict,215467,0,0
shootout_annotations,knucleotide_brute_strict,shootout_annotations/knucleotide_brute_strict,215467,0,0
shootout_annotations,knucleotide_brute_strict,shootout_annotations/knucleotide_brute_strict,215467,0,0
shootout_annotations,knucleotide_brute_strict,shootout_annotations/knucleotide_brute_strict,215467,0,0
shootout_annotations,knucleotide_brute_strict,shootout_annotations/knucleotide_brute_strict,215467,0,0
shootout_annotations,knucleotide_brute_strict,shootout_annotations/knucleotide_brute_strict,215467,0,0
shootout_annotations,knucleotide_brute_strict,shootout_annotations/knucleotide_brute_strict,215467,0,0
shootout_annotations,knucleotide_brute_strict,shootout_annotations/knucleotide_brute_strict,215467,0,0
shootout_annotations,knucleotide_brute_strict,shootout_annotations/knucleotide_brute_strict,215467,0,0
are-we-fast-r,Bounce,are-we-fast-r/Bounce,412721,0,0
are-we-fast-r,Bounce,are-we-fast-r/Bounce,372116,0,0
are-we-fast-r,Bounce,are-we-fast-r/Bounce,371090,0,0
are-we-fast-r,Bounce,are-we-fast-r/Bounce,371090,0,0
are-we-fast-r,Bounce,are-we-fast-r/Bounce,371090,0,0
are-we-fast-r,Bounce,are-we-fast-r/Bounce,371090,0,0
are-we-fast-r,Bounce,are-we-fast-r/Bounce,371090,0,0
are-we-fast-r,Bounce,are-we-fast-r/Bounce,371090,0,0
are-we-fast-r,Bounce,are-we-fast-r/Bounce,371090,0,0
are-we-fast-r,Bounce,are-we-fast-r/Bounce,371090,0,0
are-we-fast-r,Bounce,are-we-fast-r/Bounce,371090,0,0
are-we-fast-r,Bounce,are-we-fast-r/Bounce,371090,0,0
are-we-fast-r,Bounce,are-we-fast-r/Bounce,371090,0,0
are-we-fast-r,Bounce,are-we-fast-r/Bounce,371090,0,0
are-we-fast-r,Bounce,are-we-fast-r/Bounce,371090,0,0
simple,list-for,simple/list-for,2810,0,0
simple,list-for,simple/list-for,19,0,0
simple,list-for,simple/list-for,19,0,0
simple,list-for,simple/list-for,19,0,0
simple,list-for,simple/list-for,19,0,0
simple,list-for,simple/list-for,19,0,0
simple,list-for,simple/list-for,19,0,0
simple,list-for,simple/list-for,19,0,0
simple,list-for,simple/list-for,19,0,0
simple,list-for,simple/list-for,19,0,0
simple,list-for,simple/list-for,19,0,0
simple,list-for,simple/list-for,19,0,0
simple,list-for,simple/list-for,19,0,0
simple,list-for,simple/list-for,19,0,0
simple,list-for,simple/list-for,19,0,0
shootout,nbody_naive_2,shootout/nbody_naive_2,100029,0,0
shootout,nbody_naive_2,shootout/nbody_naive_2,64128,0,0
shootout,nbody_naive_2,shootout/nbody_naive_2,60099,0,0
shootout,nbody_naive_2,shootout/nbody_naive_2,60099,0,0
shootout,nbody_naive_2,shootout/nbody_naive_2,60099,0,0
shootout,nbody_naive_2,shootout/nbody_naive_2,60099,0,0
shootout,nbody_naive_2,shootout/nbody_naive_2,60099,0,0
shootout,nbody_naive_2,shootout/nbody_naive_2,60099,0,0
shootout,nbody_naive_2,shootout/nbody_naive_2,60099,0,0
shootout,nbody_naive_2,shootout/nbody_naive_2,60099,0,0
shootout,nbody_naive_2,shootout/nbody_naive_2,60099,0,0
shootout,nbody_naive_2,shootout/nbody_naive_2,60099,0,0
shootout,nbody_naive_2,shootout/nbody_naive_2,60099,0,0
shootout,nbody_naive_2,shootout/nbody_naive_2,60099,0,0
shootout,nbody_naive_2,shootout/nbody_naive_2,60099,0,0
real_thing,convolution,real_thing/convolution,13359,0,0
real_thing,convolution,real_thing/convolution,63,0,0
real_thing,convolution,real_thing/convolution,63,0,0
real_thing,convolution,real_thing/convolution,63,0,0
real_thing,convolution,real_thing/convolution,63,0,0
real_thing,convolution,real_thing/convolution,63,0,0
real_thing,convolution,real_thing/convolution,63,0,0
real_thing,convolution,real_thing/convolution,63,0,0
real_thing,convolution,real_thing/convolution,63,0,0
real_thing,convolution,real_thing/convolution,63,0,0
real_thing,convolution,real_thing/convolution,63,0,0
real_thing,convolution,real_thing/convolution,63,0,0
real_thing,convolution,real_thing/convolution,63,0,0
real_thing,convolution,real_thing/convolution,63,0,0
real_thing,convolution,real_thing/convolution,63,0,0
shootout,mandelbrot_noout,shootout/mandelbrot_noout,26233,0,0
shootout,mandelbrot_noout,shootout/mandelbrot_noout,4381,0,0
shootout,mandelbrot_noout,shootout/mandelbrot_noout,3241,0,0
shootout,mandelbrot_noout,shootout/mandelbrot_noout,3241,0,0
shootout,mandelbrot_noout,shootout/mandelbrot_noout,3241,0,0
shootout,mandelbrot_noout,shootout/mandelbrot_noout,3241,0,0
shootout,mandelbrot_noout,shootout/mandelbrot_noout,3241,0,0
shootout,mandelbrot_noout,shootout/mandelbrot_noout,3241,0,0
shootout,mandelbrot_noout,shootout/mandelbrot_noout,3241,0,0
shootout,mandelbrot_noout,shootout/mandelbrot_noout,3241,0,0
shootout,mandelbrot_noout,shootout/mandelbrot_noout,3241,0,0
shootout,mandelbrot_noout,shootout/mandelbrot_noout,3241,0,0
shootout,mandelbrot_noout,shootout/mandelbrot_noout,3241,0,0
shootout,mandelbrot_noout,shootout/mandelbrot_noout,3241,0,0
shootout,mandelbrot_noout,shootout/mandelbrot_noout,3241,0,0
shootout_annotations,binarytrees_2_strict,shootout_annotations/binarytrees_2_strict,325715,0,0
shootout_annotations,binarytrees_2_strict,shootout_annotations/binarytrees_2_strict,302049,0,0
shootout_annotations,binarytrees_2_strict,shootout_annotations/binarytrees_2_strict,300909,0,0
shootout_annotations,binarytrees_2_strict,shootout_annotations/binarytrees_2_strict,300909,0,0
shootout_annotations,binarytrees_2_strict,shootout_annotations/binarytrees_2_strict,300909,0,0
shootout_annotations,binarytrees_2_strict,shootout_annotations/binarytrees_2_strict,300909,0,0
shootout_annotations,binarytrees_2_strict,shootout_annotations/binarytrees_2_strict,300909,0,0
shootout_annotations,binarytrees_2_strict,shootout_annotations/binarytrees_2_strict,300909,0,0
shootout_annotations,binarytrees_2_strict,shootout_annotations/binarytrees_2_strict,300909,0,0
shootout_annotations,binarytrees_2_strict,shootout_annotations/binarytrees_2_strict,300909,0,0
shootout_annotations,binarytrees_2_strict,shootout_annotations/binarytrees_2_strict,300909,0,0
shootout_annotations,binarytrees_2_strict,shootout_annotations/binarytrees_2_strict,300909,0,0
shootout_annotations,binarytrees_2_strict,shootout_annotations/binarytrees_2_strict,300909,0,0
shootout_annotations,binarytrees_2_strict,shootout_annotations/binarytrees_2_strict,300909,0,0
shootout_annotations,binarytrees_2_strict,shootout_annotations/binarytrees_2_strict,300909,0,0
simple,matrix-for,simple/matrix-for,4197,0,0
simple,matrix-for,simple/matrix-for,24,0,0
simple,matrix-for,simple/matrix-for,24,0,0
simple,matrix-for,simple/matrix-for,24,0,0
simple,matrix-for,simple/matrix-for,24,0,0
simple,matrix-for,simple/matrix-for,24,0,0
simple,matrix-for,simple/matrix-for,24,0,0
simple,matrix-for,simple/matrix-for,24,0,0
simple,matrix-for,simple/matrix-for,24,0,0
simple,matrix-for,simple/matrix-for,24,0,0
simple,matrix-for,simple/matrix-for,24,0,0
simple,matrix-for,simple/matrix-for,24,0,0
simple,matrix-for,simple/matrix-for,24,0,0
simple,matrix-for,simple/matrix-for,24,0,0
simple,matrix-for,simple/matrix-for,24,0,0
shootout,knucleotide,shootout/knucleotide,1121542,0,0
shootout,knucleotide,shootout/knucleotide,1080978,0,0
shootout,knucleotide,shootout/knucleotide,1079103,0,0
shootout,knucleotide,shootout/knucleotide,1079103,0,0
shootout,knucleotide,shootout/knucleotide,1079103,0,0
shootout,knucleotide,shootout/knucleotide,1079103,0,0
shootout,knucleotide,shootout/knucleotide,1079103,0,0
shootout,knucleotide,shootout/knucleotide,1079103,0,0
shootout,knucleotide,shootout/knucleotide,1079103,0,0
shootout,knucleotide,shootout/knucleotide,1079103,0,0
shootout,knucleotide,shootout/knucleotide,1079103,0,0
shootout,knucleotide,shootout/knucleotide,1079103,0,0
shootout,knucleotide,shootout/knucleotide,1079103,0,0
shootout,knucleotide,shootout/knucleotide,1079103,0,0
shootout,knucleotide,shootout/knucleotide,1079103,0,0
shootout,fastaredux_naive,shootout/fastaredux_naive,129396,0,0
shootout,fastaredux_naive,shootout/fastaredux_naive,97388,0,0
shootout,fastaredux_naive,shootout/fastaredux_naive,90728,0,0
shootout,fastaredux_naive,shootout/fastaredux_naive,90728,0,0
shootout,fastaredux_naive,shootout/fastaredux_naive,90728,0,0
shootout,fastaredux_naive,shootout/fastaredux_naive,90728,0,0
shootout,fastaredux_naive,shootout/fastaredux_naive,90728,0,0
shootout,fastaredux_naive,shootout/fastaredux_naive,90728,0,0
shootout,fastaredux_naive,shootout/fastaredux_naive,90728,0,0
shootout,fastaredux_naive,shootout/fastaredux_naive,90728,0,0
shootout,fastaredux_naive,shootout/fastaredux_naive,90728,0,0
shootout,fastaredux_naive,shootout/fastaredux_naive,90728,0,0
shootout,fastaredux_naive,shootout/fastaredux_naive,90728,0,0
shootout,fastaredux_naive,shootout/fastaredux_naive,90728,0,0
shootout,fastaredux_naive,shootout/fastaredux_naive,90728,0,0
real_thing,convolution_slow,real_thing/convolution_slow,5278,0,0
real_thing,convolution_slow,real_thing/convolution_slow,223,0,0
real_thing,convolution_slow,real_thing/convolution_slow,223,0,0
real_thing,convolution_slow,real_thing/convolution_slow,223,0,0
real_thing,convolution_slow,real_thing/convolution_slow,223,0,0
real_thing,convolution_slow,real_thing/convolution_slow,223,0,0
real_thing,convolution_slow,real_thing/convolution_slow,223,0,0
real_thing,convolution_slow,real_thing/convolution_slow,223,0,0
real_thing,convolution_slow,real_thing/convolution_slow,223,0,0
real_thing,convolution_slow,real_thing/convolution_slow,223,0,0
real_thing,convolution_slow,real_thing/convolution_slow,223,0,0
real_thing,convolution_slow,real_thing/convolution_slow,223,0,0
real_thing,convolution_slow,real_thing/convolution_slow,223,0,0
real_thing,convolution_slow,real_thing/convolution_slow,223,0,0
real_thing,convolution_slow,real_thing/convolution_slow,223,0,0
