simple,profiler-shared,simple/profiler-shared,66,49,0
simple,profiler-shared,simple/profiler-shared,63,46,0
simple,profiler-shared,simple/profiler-shared,61,46,0
simple,profiler-shared,simple/profiler-shared,61,46,0
simple,profiler-shared,simple/profiler-shared,61,46,0
simple,profiler-shared,simple/profiler-shared,61,46,0
simple,profiler-shared,simple/profiler-shared,61,46,0
simple,profiler-shared,simple/profiler-shared,61,46,0
simple,profiler-shared,simple/profiler-shared,61,46,0
simple,profiler-shared,simple/profiler-shared,61,46,0
simple,profiler-shared,simple/profiler-shared,61,46,0
simple,profiler-shared,simple/profiler-shared,61,46,0
simple,profiler-shared,simple/profiler-shared,61,46,0
simple,profiler-shared,simple/profiler-shared,61,46,0
simple,profiler-shared,simple/profiler-shared,61,46,0
shootout,reversecomplement_naive,shootout/reversecomplement_naive,75050,6,0
shootout,reversecomplement_naive,shootout/reversecomplement_naive,75039,1,0
shootout,reversecomplement_naive,shootout/reversecomplement_naive,25021,1,0
shootout,reversecomplement_naive,shootout/reversecomplement_naive,25017,1,0
shootout,reversecomplement_naive,shootout/reversecomplement_naive,25017,1,0
shootout,reversecomplement_naive,shootout/reversecomplement_naive,25017,1,0
shootout,reversecomplement_naive,shootout/reversecomplement_naive,25017,1,0
shootout,reversecomplement_naive,shootout/reversecomplement_naive,25017,1,0
shootout,reversecomplement_naive,shootout/reversecomplement_naive,25017,1,0
shootout,reversecomplement_naive,shootout/reversecomplement_naive,25017,1,0
shootout,reversecomplement_naive,shootout/reversecomplement_naive,25017,1,0
shootout,reversecomplement_naive,shootout/reversecomplement_naive,25017,1,0
shootout,reversecomplement_naive,shootout/reversecomplement_naive,25017,1,0
shootout,reversecomplement_naive,shootout/reversecomplement_naive,25017,1,0
shootout,reversecomplement_naive,shootout/reversecomplement_naive,25017,1,0
simple,list-while,simple/list-while,0,0,0
simple,list-while,simple/list-while,0,0,0
simple,list-while,simple/list-while,0,0,0
simple,list-while,simple/list-while,0,0,0
simple,list-while,simple/list-while,0,0,0
simple,list-while,simple/list-while,0,0,0
simple,list-while,simple/list-while,0,0,0
simple,list-while,simple/list-while,0,0,0
simple,list-while,simple/list-while,0,0,0
simple,list-while,simple/list-while,0,0,0
simple,list-while,simple/list-while,0,0,0
simple,list-while,simple/list-while,0,0,0
simple,list-while,simple/list-while,0,0,0
simple,list-while,simple/list-while,0,0,0
simple,list-while,simple/list-while,0,0,0
shootout,spectralnorm_alt,shootout/spectralnorm_alt,48,28,0
shootout,spectralnorm_alt,shootout/spectralnorm_alt,38,18,0
shootout,spectralnorm_alt,shootout/spectralnorm_alt,31,18,0
shootout,spectralnorm_alt,shootout/spectralnorm_alt,31,18,0
shootout,spectralnorm_alt,shootout/spectralnorm_alt,31,18,0
shootout,spectralnorm_alt,shootout/spectralnorm_alt,31,18,0
shootout,spectralnorm_alt,shootout/spectralnorm_alt,31,18,0
shootout,spectralnorm_alt,shootout/spectralnorm_alt,31,18,0
shootout,spectralnorm_alt,shootout/spectralnorm_alt,31,18,0
shootout,spectralnorm_alt,shootout/spectralnorm_alt,31,18,0
shootout,spectralnorm_alt,shootout/spectralnorm_alt,31,18,0
shootout,spectralnorm_alt,shootout/spectralnorm_alt,31,18,0
shootout,spectralnorm_alt,shootout/spectralnorm_alt,31,18,0
shootout,spectralnorm_alt,shootout/spectralnorm_alt,31,18,0
shootout,spectralnorm_alt,shootout/spectralnorm_alt,31,18,0
real_thing,convolution_slow,real_thing/convolution_slow,48,4,0
real_thing,convolution_slow,real_thing/convolution_slow,25,0,0
real_thing,convolution_slow,real_thing/convolution_slow,25,0,0
real_thing,convolution_slow,real_thing/convolution_slow,25,0,0
real_thing,convolution_slow,real_thing/convolution_slow,25,0,0
real_thing,convolution_slow,real_thing/convolution_slow,25,0,0
real_thing,convolution_slow,real_thing/convolution_slow,25,0,0
real_thing,convolution_slow,real_thing/convolution_slow,25,0,0
real_thing,convolution_slow,real_thing/convolution_slow,25,0,0
real_thing,convolution_slow,real_thing/convolution_slow,25,0,0
real_thing,convolution_slow,real_thing/convolution_slow,25,0,0
real_thing,convolution_slow,real_thing/convolution_slow,25,0,0
real_thing,convolution_slow,real_thing/convolution_slow,25,0,0
real_thing,convolution_slow,real_thing/convolution_slow,25,0,0
real_thing,convolution_slow,real_thing/convolution_slow,25,0,0
shootout_annotations,fastaredux_naive_strict,shootout_annotations/fastaredux_naive_strict,53357,0,0
shootout_annotations,fastaredux_naive_strict,shootout_annotations/fastaredux_naive_strict,10694,0,0
shootout_annotations,fastaredux_naive_strict,shootout_annotations/fastaredux_naive_strict,10,0,0
shootout_annotations,fastaredux_naive_strict,shootout_annotations/fastaredux_naive_strict,0,0,0
shootout_annotations,fastaredux_naive_strict,shootout_annotations/fastaredux_naive_strict,0,0,0
shootout_annotations,fastaredux_naive_strict,shootout_annotations/fastaredux_naive_strict,0,0,0
shootout_annotations,fastaredux_naive_strict,shootout_annotations/fastaredux_naive_strict,0,0,0
shootout_annotations,fastaredux_naive_strict,shootout_annotations/fastaredux_naive_strict,0,0,0
shootout_annotations,fastaredux_naive_strict,shootout_annotations/fastaredux_naive_strict,0,0,0
shootout_annotations,fastaredux_naive_strict,shootout_annotations/fastaredux_naive_strict,0,0,0
shootout_annotations,fastaredux_naive_strict,shootout_annotations/fastaredux_naive_strict,0,0,0
shootout_annotations,fastaredux_naive_strict,shootout_annotations/fastaredux_naive_strict,0,0,0
shootout_annotations,fastaredux_naive_strict,shootout_annotations/fastaredux_naive_strict,0,0,0
shootout_annotations,fastaredux_naive_strict,shootout_annotations/fastaredux_naive_strict,0,0,0
shootout_annotations,fastaredux_naive_strict,shootout_annotations/fastaredux_naive_strict,0,0,0
simple,super-while,simple/super-while,0,0,0
simple,super-while,simple/super-while,0,0,0
simple,super-while,simple/super-while,0,0,0
simple,super-while,simple/super-while,0,0,0
simple,super-while,simple/super-while,0,0,0
simple,super-while,simple/super-while,0,0,0
simple,super-while,simple/super-while,0,0,0
simple,super-while,simple/super-while,0,0,0
simple,super-while,simple/super-while,0,0,0
simple,super-while,simple/super-while,0,0,0
simple,super-while,simple/super-while,0,0,0
simple,super-while,simple/super-while,0,0,0
simple,super-while,simple/super-while,0,0,0
simple,super-while,simple/super-while,0,0,0
simple,super-while,simple/super-while,0,0,0
shootout,fastaredux_naive,shootout/fastaredux_naive,53357,0,0
shootout,fastaredux_naive,shootout/fastaredux_naive,10694,0,0
shootout,fastaredux_naive,shootout/fastaredux_naive,10,0,0
shootout,fastaredux_naive,shootout/fastaredux_naive,0,0,0
shootout,fastaredux_naive,shootout/fastaredux_naive,0,0,0
shootout,fastaredux_naive,shootout/fastaredux_naive,0,0,0
shootout,fastaredux_naive,shootout/fastaredux_naive,0,0,0
shootout,fastaredux_naive,shootout/fastaredux_naive,0,0,0
shootout,fastaredux_naive,shootout/fastaredux_naive,0,0,0
shootout,fastaredux_naive,shootout/fastaredux_naive,0,0,0
shootout,fastaredux_naive,shootout/fastaredux_naive,0,0,0
shootout,fastaredux_naive,shootout/fastaredux_naive,0,0,0
shootout,fastaredux_naive,shootout/fastaredux_naive,0,0,0
shootout,fastaredux_naive,shootout/fastaredux_naive,0,0,0
shootout,fastaredux_naive,shootout/fastaredux_naive,0,0,0
shootout,regexdna,shootout/regexdna,127,6,0
shootout,regexdna,shootout/regexdna,111,1,0
shootout,regexdna,shootout/regexdna,41,1,2
shootout,regexdna,shootout/regexdna,31,1,0
shootout,regexdna,shootout/regexdna,31,1,0
shootout,regexdna,shootout/regexdna,31,1,0
shootout,regexdna,shootout/regexdna,31,1,0
shootout,regexdna,shootout/regexdna,31,1,0
shootout,regexdna,shootout/regexdna,31,1,0
shootout,regexdna,shootout/regexdna,31,1,0
shootout,regexdna,shootout/regexdna,31,1,0
shootout,regexdna,shootout/regexdna,31,1,0
shootout,regexdna,shootout/regexdna,31,1,0
shootout,regexdna,shootout/regexdna,31,1,0
shootout,regexdna,shootout/regexdna,31,1,0
shootout,pidigits,shootout/pidigits,74338,73721,0
shootout,pidigits,shootout/pidigits,74262,73716,0
shootout,pidigits,shootout/pidigits,74233,73716,0
shootout,pidigits,shootout/pidigits,74220,73716,0
shootout,pidigits,shootout/pidigits,74220,73716,0
shootout,pidigits,shootout/pidigits,74220,73716,0
shootout,pidigits,shootout/pidigits,74220,73716,0
shootout,pidigits,shootout/pidigits,74220,73716,0
shootout,pidigits,shootout/pidigits,74220,73716,0
shootout,pidigits,shootout/pidigits,74220,73716,0
shootout,pidigits,shootout/pidigits,74220,73716,0
shootout,pidigits,shootout/pidigits,74220,73716,0
shootout,pidigits,shootout/pidigits,74220,73716,0
shootout,pidigits,shootout/pidigits,74220,73716,0
shootout,pidigits,shootout/pidigits,74220,73716,0
are-we-fast-r,Storage,are-we-fast-r/Storage,2,0,0
are-we-fast-r,Storage,are-we-fast-r/Storage,2,0,0
are-we-fast-r,Storage,are-we-fast-r/Storage,2,0,0
are-we-fast-r,Storage,are-we-fast-r/Storage,2,0,0
are-we-fast-r,Storage,are-we-fast-r/Storage,2,0,0
are-we-fast-r,Storage,are-we-fast-r/Storage,2,0,0
are-we-fast-r,Storage,are-we-fast-r/Storage,2,0,0
are-we-fast-r,Storage,are-we-fast-r/Storage,2,0,0
are-we-fast-r,Storage,are-we-fast-r/Storage,2,0,0
are-we-fast-r,Storage,are-we-fast-r/Storage,2,0,0
are-we-fast-r,Storage,are-we-fast-r/Storage,2,0,0
are-we-fast-r,Storage,are-we-fast-r/Storage,2,0,0
are-we-fast-r,Storage,are-we-fast-r/Storage,2,0,0
are-we-fast-r,Storage,are-we-fast-r/Storage,2,0,0
are-we-fast-r,Storage,are-we-fast-r/Storage,2,0,0
shootout,nbody_3,shootout/nbody_3,320079,220017,0
shootout,nbody_3,shootout/nbody_3,320038,220012,0
shootout,nbody_3,shootout/nbody_3,320028,220012,0
shootout,nbody_3,shootout/nbody_3,320028,220012,0
shootout,nbody_3,shootout/nbody_3,320028,220012,0
shootout,nbody_3,shootout/nbody_3,320028,220012,0
shootout,nbody_3,shootout/nbody_3,320028,220012,0
shootout,nbody_3,shootout/nbody_3,320028,220012,0
shootout,nbody_3,shootout/nbody_3,320028,220012,0
shootout,nbody_3,shootout/nbody_3,320028,220012,0
shootout,nbody_3,shootout/nbody_3,320028,220012,0
shootout,nbody_3,shootout/nbody_3,320028,220012,0
shootout,nbody_3,shootout/nbody_3,320028,220012,0
shootout,nbody_3,shootout/nbody_3,320028,220012,0
shootout,nbody_3,shootout/nbody_3,320028,220012,0
real_thing,flexclust_no_s4,real_thing/flexclust_no_s4,7391449,3970219,0
real_thing,flexclust_no_s4,real_thing/flexclust_no_s4,6399028,2426653,0
real_thing,flexclust_no_s4,real_thing/flexclust_no_s4,6398816,2426633,0
real_thing,flexclust_no_s4,real_thing/flexclust_no_s4,6398751,2426586,0
real_thing,flexclust_no_s4,real_thing/flexclust_no_s4,6398707,2426586,0
real_thing,flexclust_no_s4,real_thing/flexclust_no_s4,6398703,2426586,0
real_thing,flexclust_no_s4,real_thing/flexclust_no_s4,6398699,2426586,0
real_thing,flexclust_no_s4,real_thing/flexclust_no_s4,6398699,2426586,0
real_thing,flexclust_no_s4,real_thing/flexclust_no_s4,6398695,2426586,0
real_thing,flexclust_no_s4,real_thing/flexclust_no_s4,6398699,2426586,0
real_thing,flexclust_no_s4,real_thing/flexclust_no_s4,6398694,2426586,0
real_thing,flexclust_no_s4,real_thing/flexclust_no_s4,6398694,2426586,0
real_thing,flexclust_no_s4,real_thing/flexclust_no_s4,6398694,2426586,0
real_thing,flexclust_no_s4,real_thing/flexclust_no_s4,6398694,2426586,0
real_thing,flexclust_no_s4,real_thing/flexclust_no_s4,6398694,2426586,0
shootout,knucleotide_brute_3,shootout/knucleotide_brute_3,3803,11,0
shootout,knucleotide_brute_3,shootout/knucleotide_brute_3,3757,6,0
shootout,knucleotide_brute_3,shootout/knucleotide_brute_3,3396,6,0
shootout,knucleotide_brute_3,shootout/knucleotide_brute_3,3396,6,0
shootout,knucleotide_brute_3,shootout/knucleotide_brute_3,3396,6,0
shootout,knucleotide_brute_3,shootout/knucleotide_brute_3,3396,6,0
shootout,knucleotide_brute_3,shootout/knucleotide_brute_3,3396,6,0
shootout,knucleotide_brute_3,shootout/knucleotide_brute_3,3396,6,0
shootout,knucleotide_brute_3,shootout/knucleotide_brute_3,3396,6,0
shootout,knucleotide_brute_3,shootout/knucleotide_brute_3,3396,6,0
shootout,knucleotide_brute_3,shootout/knucleotide_brute_3,3396,6,0
shootout,knucleotide_brute_3,shootout/knucleotide_brute_3,3396,6,0
shootout,knucleotide_brute_3,shootout/knucleotide_brute_3,3396,6,0
shootout,knucleotide_brute_3,shootout/knucleotide_brute_3,3396,6,0
shootout,knucleotide_brute_3,shootout/knucleotide_brute_3,3396,6,0
are-we-fast-r,Bounce_nonames,are-we-fast-r/Bounce_nonames,6,0,0
are-we-fast-r,Bounce_nonames,are-we-fast-r/Bounce_nonames,2,0,0
are-we-fast-r,Bounce_nonames,are-we-fast-r/Bounce_nonames,2,0,0
are-we-fast-r,Bounce_nonames,are-we-fast-r/Bounce_nonames,2,0,0
are-we-fast-r,Bounce_nonames,are-we-fast-r/Bounce_nonames,2,0,0
are-we-fast-r,Bounce_nonames,are-we-fast-r/Bounce_nonames,2,0,0
are-we-fast-r,Bounce_nonames,are-we-fast-r/Bounce_nonames,2,0,0
are-we-fast-r,Bounce_nonames,are-we-fast-r/Bounce_nonames,2,0,0
are-we-fast-r,Bounce_nonames,are-we-fast-r/Bounce_nonames,2,0,0
are-we-fast-r,Bounce_nonames,are-we-fast-r/Bounce_nonames,2,0,0
are-we-fast-r,Bounce_nonames,are-we-fast-r/Bounce_nonames,2,0,0
are-we-fast-r,Bounce_nonames,are-we-fast-r/Bounce_nonames,2,0,0
are-we-fast-r,Bounce_nonames,are-we-fast-r/Bounce_nonames,2,0,0
are-we-fast-r,Bounce_nonames,are-we-fast-r/Bounce_nonames,2,0,0
are-we-fast-r,Bounce_nonames,are-we-fast-r/Bounce_nonames,2,0,0
real_thing,convolution,real_thing/convolution,5,0,0
real_thing,convolution,real_thing/convolution,5,0,0
real_thing,convolution,real_thing/convolution,5,0,0
real_thing,convolution,real_thing/convolution,5,0,0
real_thing,convolution,real_thing/convolution,5,0,0
real_thing,convolution,real_thing/convolution,5,0,0
real_thing,convolution,real_thing/convolution,5,0,0
real_thing,convolution,real_thing/convolution,5,0,0
real_thing,convolution,real_thing/convolution,5,0,0
real_thing,convolution,real_thing/convolution,5,0,0
real_thing,convolution,real_thing/convolution,5,0,0
real_thing,convolution,real_thing/convolution,5,0,0
real_thing,convolution,real_thing/convolution,5,0,0
real_thing,convolution,real_thing/convolution,5,0,0
real_thing,convolution,real_thing/convolution,5,0,0
shootout_annotations,spectralnorm_alt_3_strict,shootout_annotations/spectralnorm_alt_3_strict,111,59,0
shootout_annotations,spectralnorm_alt_3_strict,shootout_annotations/spectralnorm_alt_3_strict,67,49,0
shootout_annotations,spectralnorm_alt_3_strict,shootout_annotations/spectralnorm_alt_3_strict,64,49,0
shootout_annotations,spectralnorm_alt_3_strict,shootout_annotations/spectralnorm_alt_3_strict,64,49,0
shootout_annotations,spectralnorm_alt_3_strict,shootout_annotations/spectralnorm_alt_3_strict,64,49,0
shootout_annotations,spectralnorm_alt_3_strict,shootout_annotations/spectralnorm_alt_3_strict,64,49,0
shootout_annotations,spectralnorm_alt_3_strict,shootout_annotations/spectralnorm_alt_3_strict,64,49,0
shootout_annotations,spectralnorm_alt_3_strict,shootout_annotations/spectralnorm_alt_3_strict,64,49,0
shootout_annotations,spectralnorm_alt_3_strict,shootout_annotations/spectralnorm_alt_3_strict,64,49,0
shootout_annotations,spectralnorm_alt_3_strict,shootout_annotations/spectralnorm_alt_3_strict,64,49,0
shootout_annotations,spectralnorm_alt_3_strict,shootout_annotations/spectralnorm_alt_3_strict,64,49,0
shootout_annotations,spectralnorm_alt_3_strict,shootout_annotations/spectralnorm_alt_3_strict,64,49,0
shootout_annotations,spectralnorm_alt_3_strict,shootout_annotations/spectralnorm_alt_3_strict,64,49,0
shootout_annotations,spectralnorm_alt_3_strict,shootout_annotations/spectralnorm_alt_3_strict,64,49,0
shootout_annotations,spectralnorm_alt_3_strict,shootout_annotations/spectralnorm_alt_3_strict,64,49,0
shootout,binarytrees_naive,shootout/binarytrees_naive,44,23,0
shootout,binarytrees_naive,shootout/binarytrees_naive,39,18,0
shootout,binarytrees_naive,shootout/binarytrees_naive,18,18,0
shootout,binarytrees_naive,shootout/binarytrees_naive,18,18,0
shootout,binarytrees_naive,shootout/binarytrees_naive,18,18,0
shootout,binarytrees_naive,shootout/binarytrees_naive,18,18,0
shootout,binarytrees_naive,shootout/binarytrees_naive,18,18,0
shootout,binarytrees_naive,shootout/binarytrees_naive,18,18,0
shootout,binarytrees_naive,shootout/binarytrees_naive,18,18,0
shootout,binarytrees_naive,shootout/binarytrees_naive,18,18,0
shootout,binarytrees_naive,shootout/binarytrees_naive,18,18,0
shootout,binarytrees_naive,shootout/binarytrees_naive,18,18,0
shootout,binarytrees_naive,shootout/binarytrees_naive,18,18,0
shootout,binarytrees_naive,shootout/binarytrees_naive,18,18,0
shootout,binarytrees_naive,shootout/binarytrees_naive,18,18,0
shootout,mandelbrot_ascii,shootout/mandelbrot_ascii,3028,302,0
shootout,mandelbrot_ascii,shootout/mandelbrot_ascii,3014,302,0
shootout,mandelbrot_ascii,shootout/mandelbrot_ascii,1504,302,0
shootout,mandelbrot_ascii,shootout/mandelbrot_ascii,1504,302,0
shootout,mandelbrot_ascii,shootout/mandelbrot_ascii,1504,302,0
shootout,mandelbrot_ascii,shootout/mandelbrot_ascii,1504,302,0
shootout,mandelbrot_ascii,shootout/mandelbrot_ascii,1504,302,0
shootout,mandelbrot_ascii,shootout/mandelbrot_ascii,1504,302,0
shootout,mandelbrot_ascii,shootout/mandelbrot_ascii,1504,302,0
shootout,mandelbrot_ascii,shootout/mandelbrot_ascii,1504,302,0
shootout,mandelbrot_ascii,shootout/mandelbrot_ascii,1504,302,0
shootout,mandelbrot_ascii,shootout/mandelbrot_ascii,1504,302,0
shootout,mandelbrot_ascii,shootout/mandelbrot_ascii,1504,302,0
shootout,mandelbrot_ascii,shootout/mandelbrot_ascii,1504,302,0
shootout,mandelbrot_ascii,shootout/mandelbrot_ascii,1504,302,0
shootout,mandelbrot_noout_naive,shootout/mandelbrot_noout_naive,17,2,0
shootout,mandelbrot_noout_naive,shootout/mandelbrot_noout_naive,17,2,0
shootout,mandelbrot_noout_naive,shootout/mandelbrot_noout_naive,4,2,0
shootout,mandelbrot_noout_naive,shootout/mandelbrot_noout_naive,4,2,0
shootout,mandelbrot_noout_naive,shootout/mandelbrot_noout_naive,4,2,0
shootout,mandelbrot_noout_naive,shootout/mandelbrot_noout_naive,4,2,0
shootout,mandelbrot_noout_naive,shootout/mandelbrot_noout_naive,4,2,0
shootout,mandelbrot_noout_naive,shootout/mandelbrot_noout_naive,4,2,0
shootout,mandelbrot_noout_naive,shootout/mandelbrot_noout_naive,4,2,0
shootout,mandelbrot_noout_naive,shootout/mandelbrot_noout_naive,4,2,0
shootout,mandelbrot_noout_naive,shootout/mandelbrot_noout_naive,4,2,0
shootout,mandelbrot_noout_naive,shootout/mandelbrot_noout_naive,4,2,0
shootout,mandelbrot_noout_naive,shootout/mandelbrot_noout_naive,4,2,0
shootout,mandelbrot_noout_naive,shootout/mandelbrot_noout_naive,4,2,0
shootout,mandelbrot_noout_naive,shootout/mandelbrot_noout_naive,4,2,0
shootout_annotations,pidigits_strict,shootout_annotations/pidigits_strict,76840,75811,0
shootout_annotations,pidigits_strict,shootout_annotations/pidigits_strict,76740,75806,0
shootout_annotations,pidigits_strict,shootout_annotations/pidigits_strict,76699,75806,0
shootout_annotations,pidigits_strict,shootout_annotations/pidigits_strict,76690,75806,0
shootout_annotations,pidigits_strict,shootout_annotations/pidigits_strict,76690,75806,0
shootout_annotations,pidigits_strict,shootout_annotations/pidigits_strict,76690,75806,0
shootout_annotations,pidigits_strict,shootout_annotations/pidigits_strict,76690,75806,0
shootout_annotations,pidigits_strict,shootout_annotations/pidigits_strict,76690,75806,0
shootout_annotations,pidigits_strict,shootout_annotations/pidigits_strict,76690,75806,0
shootout_annotations,pidigits_strict,shootout_annotations/pidigits_strict,76690,75806,0
shootout_annotations,pidigits_strict,shootout_annotations/pidigits_strict,76690,75806,0
shootout_annotations,pidigits_strict,shootout_annotations/pidigits_strict,76690,75806,0
shootout_annotations,pidigits_strict,shootout_annotations/pidigits_strict,76690,75806,0
shootout_annotations,pidigits_strict,shootout_annotations/pidigits_strict,76690,75806,0
shootout_annotations,pidigits_strict,shootout_annotations/pidigits_strict,76690,75806,0
shootout,fasta_3,shootout/fasta_3,40025,0,0
shootout,fasta_3,shootout/fasta_3,8022,0,0
shootout,fasta_3,shootout/fasta_3,10,0,0
shootout,fasta_3,shootout/fasta_3,0,0,0
shootout,fasta_3,shootout/fasta_3,0,0,0
shootout,fasta_3,shootout/fasta_3,0,0,0
shootout,fasta_3,shootout/fasta_3,0,0,0
shootout,fasta_3,shootout/fasta_3,0,0,0
shootout,fasta_3,shootout/fasta_3,0,0,0
shootout,fasta_3,shootout/fasta_3,0,0,0
shootout,fasta_3,shootout/fasta_3,0,0,0
shootout,fasta_3,shootout/fasta_3,0,0,0
shootout,fasta_3,shootout/fasta_3,0,0,0
shootout,fasta_3,shootout/fasta_3,0,0,0
shootout,fasta_3,shootout/fasta_3,0,0,0
shootout,nbody,shootout/nbody,950088,400020,0
shootout,nbody,shootout/nbody,950080,400020,0
shootout,nbody,shootout/nbody,950067,400020,0
shootout,nbody,shootout/nbody,950066,400020,0
shootout,nbody,shootout/nbody,950066,400020,0
shootout,nbody,shootout/nbody,950066,400020,0
shootout,nbody,shootout/nbody,950066,400020,0
shootout,nbody,shootout/nbody,950066,400020,0
shootout,nbody,shootout/nbody,950066,400020,0
shootout,nbody,shootout/nbody,950066,400020,0
shootout,nbody,shootout/nbody,950066,400020,0
shootout,nbody,shootout/nbody,950066,400020,0
shootout,nbody,shootout/nbody,950066,400020,0
shootout,nbody,shootout/nbody,950066,400020,0
shootout,nbody,shootout/nbody,950066,400020,0
shootout,spectralnorm_alt_3,shootout/spectralnorm_alt_3,31,15,0
shootout,spectralnorm_alt_3,shootout/spectralnorm_alt_3,15,5,0
shootout,spectralnorm_alt_3,shootout/spectralnorm_alt_3,12,5,0
shootout,spectralnorm_alt_3,shootout/spectralnorm_alt_3,12,5,0
shootout,spectralnorm_alt_3,shootout/spectralnorm_alt_3,12,5,0
shootout,spectralnorm_alt_3,shootout/spectralnorm_alt_3,12,5,0
shootout,spectralnorm_alt_3,shootout/spectralnorm_alt_3,12,5,0
shootout,spectralnorm_alt_3,shootout/spectralnorm_alt_3,12,5,0
shootout,spectralnorm_alt_3,shootout/spectralnorm_alt_3,12,5,0
shootout,spectralnorm_alt_3,shootout/spectralnorm_alt_3,12,5,0
shootout,spectralnorm_alt_3,shootout/spectralnorm_alt_3,12,5,0
shootout,spectralnorm_alt_3,shootout/spectralnorm_alt_3,12,5,0
shootout,spectralnorm_alt_3,shootout/spectralnorm_alt_3,12,5,0
shootout,spectralnorm_alt_3,shootout/spectralnorm_alt_3,12,5,0
shootout,spectralnorm_alt_3,shootout/spectralnorm_alt_3,12,5,0
shootout,binarytrees_2,shootout/binarytrees_2,76,35,0
shootout,binarytrees_2,shootout/binarytrees_2,57,29,0
shootout,binarytrees_2,shootout/binarytrees_2,32,29,0
shootout,binarytrees_2,shootout/binarytrees_2,31,29,0
shootout,binarytrees_2,shootout/binarytrees_2,29,29,0
shootout,binarytrees_2,shootout/binarytrees_2,29,29,0
shootout,binarytrees_2,shootout/binarytrees_2,29,29,0
shootout,binarytrees_2,shootout/binarytrees_2,29,29,0
shootout,binarytrees_2,shootout/binarytrees_2,29,29,0
shootout,binarytrees_2,shootout/binarytrees_2,29,29,0
shootout,binarytrees_2,shootout/binarytrees_2,29,29,0
shootout,binarytrees_2,shootout/binarytrees_2,29,29,0
shootout,binarytrees_2,shootout/binarytrees_2,29,29,0
shootout,binarytrees_2,shootout/binarytrees_2,29,29,0
shootout,binarytrees_2,shootout/binarytrees_2,29,29,0
simple,bytecodes,simple/bytecodes,0,0,0
simple,bytecodes,simple/bytecodes,0,0,0
simple,bytecodes,simple/bytecodes,0,0,0
simple,bytecodes,simple/bytecodes,0,0,0
simple,bytecodes,simple/bytecodes,0,0,0
simple,bytecodes,simple/bytecodes,0,0,0
simple,bytecodes,simple/bytecodes,0,0,0
simple,bytecodes,simple/bytecodes,0,0,0
simple,bytecodes,simple/bytecodes,0,0,0
simple,bytecodes,simple/bytecodes,0,0,0
simple,bytecodes,simple/bytecodes,0,0,0
simple,bytecodes,simple/bytecodes,0,0,0
simple,bytecodes,simple/bytecodes,0,0,0
simple,bytecodes,simple/bytecodes,0,0,0
simple,bytecodes,simple/bytecodes,0,0,0
simple,profiler-rsa,simple/profiler-rsa,16,14,0
simple,profiler-rsa,simple/profiler-rsa,13,11,0
simple,profiler-rsa,simple/profiler-rsa,13,11,0
simple,profiler-rsa,simple/profiler-rsa,13,11,0
simple,profiler-rsa,simple/profiler-rsa,13,11,0
simple,profiler-rsa,simple/profiler-rsa,13,11,0
simple,profiler-rsa,simple/profiler-rsa,13,11,0
simple,profiler-rsa,simple/profiler-rsa,13,11,0
simple,profiler-rsa,simple/profiler-rsa,13,11,0
simple,profiler-rsa,simple/profiler-rsa,13,11,0
simple,profiler-rsa,simple/profiler-rsa,13,11,0
simple,profiler-rsa,simple/profiler-rsa,13,11,0
simple,profiler-rsa,simple/profiler-rsa,13,11,0
simple,profiler-rsa,simple/profiler-rsa,13,11,0
simple,profiler-rsa,simple/profiler-rsa,13,11,0
shootout,reversecomplement_2,shootout/reversecomplement_2,125033,6,0
shootout,reversecomplement_2,shootout/reversecomplement_2,125022,1,0
shootout,reversecomplement_2,shootout/reversecomplement_2,13,1,2
shootout,reversecomplement_2,shootout/reversecomplement_2,5,1,0
shootout,reversecomplement_2,shootout/reversecomplement_2,5,1,0
shootout,reversecomplement_2,shootout/reversecomplement_2,5,1,0
shootout,reversecomplement_2,shootout/reversecomplement_2,5,1,0
shootout,reversecomplement_2,shootout/reversecomplement_2,5,1,0
shootout,reversecomplement_2,shootout/reversecomplement_2,5,1,0
shootout,reversecomplement_2,shootout/reversecomplement_2,5,1,0
shootout,reversecomplement_2,shootout/reversecomplement_2,5,1,0
shootout,reversecomplement_2,shootout/reversecomplement_2,5,1,0
shootout,reversecomplement_2,shootout/reversecomplement_2,5,1,0
shootout,reversecomplement_2,shootout/reversecomplement_2,5,1,0
shootout,reversecomplement_2,shootout/reversecomplement_2,5,1,0
shootout_annotations,fasta_3_strict,shootout_annotations/fasta_3_strict,40025,0,0
shootout_annotations,fasta_3_strict,shootout_annotations/fasta_3_strict,8022,0,0
shootout_annotations,fasta_3_strict,shootout_annotations/fasta_3_strict,10,0,0
shootout_annotations,fasta_3_strict,shootout_annotations/fasta_3_strict,0,0,0
shootout_annotations,fasta_3_strict,shootout_annotations/fasta_3_strict,0,0,0
shootout_annotations,fasta_3_strict,shootout_annotations/fasta_3_strict,0,0,0
shootout_annotations,fasta_3_strict,shootout_annotations/fasta_3_strict,0,0,0
shootout_annotations,fasta_3_strict,shootout_annotations/fasta_3_strict,0,0,0
shootout_annotations,fasta_3_strict,shootout_annotations/fasta_3_strict,0,0,0
shootout_annotations,fasta_3_strict,shootout_annotations/fasta_3_strict,0,0,0
shootout_annotations,fasta_3_strict,shootout_annotations/fasta_3_strict,0,0,0
shootout_annotations,fasta_3_strict,shootout_annotations/fasta_3_strict,0,0,0
shootout_annotations,fasta_3_strict,shootout_annotations/fasta_3_strict,0,0,0
shootout_annotations,fasta_3_strict,shootout_annotations/fasta_3_strict,0,0,0
shootout_annotations,fasta_3_strict,shootout_annotations/fasta_3_strict,0,0,0
real_thing,flexclust,real_thing/flexclust,6404165,2428671,0
real_thing,flexclust,real_thing/flexclust,6402581,2428054,0
real_thing,flexclust,real_thing/flexclust,6402440,2427967,0
real_thing,flexclust,real_thing/flexclust,6402328,2427953,0
real_thing,flexclust,real_thing/flexclust,6402305,2427953,0
real_thing,flexclust,real_thing/flexclust,6402305,2427953,0
real_thing,flexclust,real_thing/flexclust,6402305,2427953,0
real_thing,flexclust,real_thing/flexclust,6402305,2427953,0
real_thing,flexclust,real_thing/flexclust,6402305,2427953,0
real_thing,flexclust,real_thing/flexclust,6402305,2427953,0
real_thing,flexclust,real_thing/flexclust,6402305,2427953,0
real_thing,flexclust,real_thing/flexclust,6402305,2427953,0
real_thing,flexclust,real_thing/flexclust,6402305,2427953,0
real_thing,flexclust,real_thing/flexclust,6402305,2427953,0
real_thing,flexclust,real_thing/flexclust,6402305,2427953,0
shootout,mandelbrot_naive_ascii,shootout/mandelbrot_naive_ascii,25010,0,0
shootout,mandelbrot_naive_ascii,shootout/mandelbrot_naive_ascii,25010,0,0
shootout,mandelbrot_naive_ascii,shootout/mandelbrot_naive_ascii,10,0,0
shootout,mandelbrot_naive_ascii,shootout/mandelbrot_naive_ascii,0,0,0
shootout,mandelbrot_naive_ascii,shootout/mandelbrot_naive_ascii,0,0,0
shootout,mandelbrot_naive_ascii,shootout/mandelbrot_naive_ascii,0,0,0
shootout,mandelbrot_naive_ascii,shootout/mandelbrot_naive_ascii,0,0,0
shootout,mandelbrot_naive_ascii,shootout/mandelbrot_naive_ascii,0,0,0
shootout,mandelbrot_naive_ascii,shootout/mandelbrot_naive_ascii,0,0,0
shootout,mandelbrot_naive_ascii,shootout/mandelbrot_naive_ascii,0,0,0
shootout,mandelbrot_naive_ascii,shootout/mandelbrot_naive_ascii,0,0,0
shootout,mandelbrot_naive_ascii,shootout/mandelbrot_naive_ascii,0,0,0
shootout,mandelbrot_naive_ascii,shootout/mandelbrot_naive_ascii,0,0,0
shootout,mandelbrot_naive_ascii,shootout/mandelbrot_naive_ascii,0,0,0
shootout,mandelbrot_naive_ascii,shootout/mandelbrot_naive_ascii,0,0,0
real_thing_annotations,flexclust_strict,real_thing_annotations/flexclust_strict,6404165,2428671,0
real_thing_annotations,flexclust_strict,real_thing_annotations/flexclust_strict,6402581,2428054,0
real_thing_annotations,flexclust_strict,real_thing_annotations/flexclust_strict,6402440,2427967,0
real_thing_annotations,flexclust_strict,real_thing_annotations/flexclust_strict,6402328,2427953,0
real_thing_annotations,flexclust_strict,real_thing_annotations/flexclust_strict,6402305,2427953,0
real_thing_annotations,flexclust_strict,real_thing_annotations/flexclust_strict,6402305,2427953,0
real_thing_annotations,flexclust_strict,real_thing_annotations/flexclust_strict,6402305,2427953,0
real_thing_annotations,flexclust_strict,real_thing_annotations/flexclust_strict,6402305,2427953,0
real_thing_annotations,flexclust_strict,real_thing_annotations/flexclust_strict,6402305,2427953,0
real_thing_annotations,flexclust_strict,real_thing_annotations/flexclust_strict,6402305,2427953,0
real_thing_annotations,flexclust_strict,real_thing_annotations/flexclust_strict,6402305,2427953,0
real_thing_annotations,flexclust_strict,real_thing_annotations/flexclust_strict,6402305,2427953,0
real_thing_annotations,flexclust_strict,real_thing_annotations/flexclust_strict,6402305,2427953,0
real_thing_annotations,flexclust_strict,real_thing_annotations/flexclust_strict,6402305,2427953,0
real_thing_annotations,flexclust_strict,real_thing_annotations/flexclust_strict,6402305,2427953,0
shootout_annotations,spectralnorm_strict,shootout_annotations/spectralnorm_strict,95,54,0
shootout_annotations,spectralnorm_strict,shootout_annotations/spectralnorm_strict,62,49,0
shootout_annotations,spectralnorm_strict,shootout_annotations/spectralnorm_strict,59,49,0
shootout_annotations,spectralnorm_strict,shootout_annotations/spectralnorm_strict,59,49,0
shootout_annotations,spectralnorm_strict,shootout_annotations/spectralnorm_strict,59,49,0
shootout_annotations,spectralnorm_strict,shootout_annotations/spectralnorm_strict,59,49,0
shootout_annotations,spectralnorm_strict,shootout_annotations/spectralnorm_strict,59,49,0
shootout_annotations,spectralnorm_strict,shootout_annotations/spectralnorm_strict,59,49,0
shootout_annotations,spectralnorm_strict,shootout_annotations/spectralnorm_strict,59,49,0
shootout_annotations,spectralnorm_strict,shootout_annotations/spectralnorm_strict,59,49,0
shootout_annotations,spectralnorm_strict,shootout_annotations/spectralnorm_strict,59,49,0
shootout_annotations,spectralnorm_strict,shootout_annotations/spectralnorm_strict,59,49,0
shootout_annotations,spectralnorm_strict,shootout_annotations/spectralnorm_strict,59,49,0
shootout_annotations,spectralnorm_strict,shootout_annotations/spectralnorm_strict,59,49,0
shootout_annotations,spectralnorm_strict,shootout_annotations/spectralnorm_strict,59,49,0
simple,scalar-for,simple/scalar-for,0,0,0
simple,scalar-for,simple/scalar-for,0,0,0
simple,scalar-for,simple/scalar-for,0,0,0
simple,scalar-for,simple/scalar-for,0,0,0
simple,scalar-for,simple/scalar-for,0,0,0
simple,scalar-for,simple/scalar-for,0,0,0
simple,scalar-for,simple/scalar-for,0,0,0
simple,scalar-for,simple/scalar-for,0,0,0
simple,scalar-for,simple/scalar-for,0,0,0
simple,scalar-for,simple/scalar-for,0,0,0
simple,scalar-for,simple/scalar-for,0,0,0
simple,scalar-for,simple/scalar-for,0,0,0
simple,scalar-for,simple/scalar-for,0,0,0
simple,scalar-for,simple/scalar-for,0,0,0
simple,scalar-for,simple/scalar-for,0,0,0
shootout,fasta,shootout/fasta,144033,32000,0
shootout,fasta,shootout/fasta,112022,32000,0
shootout,fasta,shootout/fasta,104010,32000,0
shootout,fasta,shootout/fasta,104000,32000,0
shootout,fasta,shootout/fasta,104000,32000,0
shootout,fasta,shootout/fasta,104000,32000,0
shootout,fasta,shootout/fasta,104000,32000,0
shootout,fasta,shootout/fasta,104000,32000,0
shootout,fasta,shootout/fasta,104000,32000,0
shootout,fasta,shootout/fasta,104000,32000,0
shootout,fasta,shootout/fasta,104000,32000,0
shootout,fasta,shootout/fasta,104000,32000,0
shootout,fasta,shootout/fasta,104000,32000,0
shootout,fasta,shootout/fasta,104000,32000,0
shootout,fasta,shootout/fasta,104000,32000,0
are-we-fast-r,Mandelbrot,are-we-fast-r/Mandelbrot,2,0,0
are-we-fast-r,Mandelbrot,are-we-fast-r/Mandelbrot,2,0,0
are-we-fast-r,Mandelbrot,are-we-fast-r/Mandelbrot,2,0,0
are-we-fast-r,Mandelbrot,are-we-fast-r/Mandelbrot,2,0,0
are-we-fast-r,Mandelbrot,are-we-fast-r/Mandelbrot,2,0,0
are-we-fast-r,Mandelbrot,are-we-fast-r/Mandelbrot,2,0,0
are-we-fast-r,Mandelbrot,are-we-fast-r/Mandelbrot,2,0,0
are-we-fast-r,Mandelbrot,are-we-fast-r/Mandelbrot,2,0,0
are-we-fast-r,Mandelbrot,are-we-fast-r/Mandelbrot,2,0,0
are-we-fast-r,Mandelbrot,are-we-fast-r/Mandelbrot,2,0,0
are-we-fast-r,Mandelbrot,are-we-fast-r/Mandelbrot,2,0,0
are-we-fast-r,Mandelbrot,are-we-fast-r/Mandelbrot,2,0,0
are-we-fast-r,Mandelbrot,are-we-fast-r/Mandelbrot,2,0,0
are-we-fast-r,Mandelbrot,are-we-fast-r/Mandelbrot,2,0,0
are-we-fast-r,Mandelbrot,are-we-fast-r/Mandelbrot,2,0,0
shootout,spectralnorm_alt_2,shootout/spectralnorm_alt_2,805,535,0
shootout,spectralnorm_alt_2,shootout/spectralnorm_alt_2,775,525,0
shootout,spectralnorm_alt_2,shootout/spectralnorm_alt_2,772,525,0
shootout,spectralnorm_alt_2,shootout/spectralnorm_alt_2,772,525,0
shootout,spectralnorm_alt_2,shootout/spectralnorm_alt_2,772,525,0
shootout,spectralnorm_alt_2,shootout/spectralnorm_alt_2,772,525,0
shootout,spectralnorm_alt_2,shootout/spectralnorm_alt_2,772,525,0
shootout,spectralnorm_alt_2,shootout/spectralnorm_alt_2,772,525,0
shootout,spectralnorm_alt_2,shootout/spectralnorm_alt_2,772,525,0
shootout,spectralnorm_alt_2,shootout/spectralnorm_alt_2,772,525,0
shootout,spectralnorm_alt_2,shootout/spectralnorm_alt_2,772,525,0
shootout,spectralnorm_alt_2,shootout/spectralnorm_alt_2,772,525,0
shootout,spectralnorm_alt_2,shootout/spectralnorm_alt_2,772,525,0
shootout,spectralnorm_alt_2,shootout/spectralnorm_alt_2,772,525,0
shootout,spectralnorm_alt_2,shootout/spectralnorm_alt_2,772,525,0
shootout,nbody_2,shootout/nbody_2,192078,132022,0
shootout,nbody_2,shootout/nbody_2,192038,132012,0
shootout,nbody_2,shootout/nbody_2,192028,132012,0
shootout,nbody_2,shootout/nbody_2,192028,132012,0
shootout,nbody_2,shootout/nbody_2,192028,132012,0
shootout,nbody_2,shootout/nbody_2,192028,132012,0
shootout,nbody_2,shootout/nbody_2,192028,132012,0
shootout,nbody_2,shootout/nbody_2,192028,132012,0
shootout,nbody_2,shootout/nbody_2,192028,132012,0
shootout,nbody_2,shootout/nbody_2,192028,132012,0
shootout,nbody_2,shootout/nbody_2,192028,132012,0
shootout,nbody_2,shootout/nbody_2,192028,132012,0
shootout,nbody_2,shootout/nbody_2,192028,132012,0
shootout,nbody_2,shootout/nbody_2,192028,132012,0
shootout,nbody_2,shootout/nbody_2,192028,132012,0
shootout,fasta_2,shootout/fasta_2,103717,0,0
shootout,fasta_2,shootout/fasta_2,8022,0,0
shootout,fasta_2,shootout/fasta_2,10,0,0
shootout,fasta_2,shootout/fasta_2,0,0,0
shootout,fasta_2,shootout/fasta_2,0,0,0
shootout,fasta_2,shootout/fasta_2,0,0,0
shootout,fasta_2,shootout/fasta_2,0,0,0
shootout,fasta_2,shootout/fasta_2,0,0,0
shootout,fasta_2,shootout/fasta_2,0,0,0
shootout,fasta_2,shootout/fasta_2,0,0,0
shootout,fasta_2,shootout/fasta_2,0,0,0
shootout,fasta_2,shootout/fasta_2,0,0,0
shootout,fasta_2,shootout/fasta_2,0,0,0
shootout,fasta_2,shootout/fasta_2,0,0,0
shootout,fasta_2,shootout/fasta_2,0,0,0
shootout_annotations,binarytrees_2_strict,shootout_annotations/binarytrees_2_strict,76,35,0
shootout_annotations,binarytrees_2_strict,shootout_annotations/binarytrees_2_strict,57,29,0
shootout_annotations,binarytrees_2_strict,shootout_annotations/binarytrees_2_strict,32,29,0
shootout_annotations,binarytrees_2_strict,shootout_annotations/binarytrees_2_strict,31,29,0
shootout_annotations,binarytrees_2_strict,shootout_annotations/binarytrees_2_strict,29,29,0
shootout_annotations,binarytrees_2_strict,shootout_annotations/binarytrees_2_strict,29,29,0
shootout_annotations,binarytrees_2_strict,shootout_annotations/binarytrees_2_strict,29,29,0
shootout_annotations,binarytrees_2_strict,shootout_annotations/binarytrees_2_strict,29,29,0
shootout_annotations,binarytrees_2_strict,shootout_annotations/binarytrees_2_strict,29,29,0
shootout_annotations,binarytrees_2_strict,shootout_annotations/binarytrees_2_strict,29,29,0
shootout_annotations,binarytrees_2_strict,shootout_annotations/binarytrees_2_strict,29,29,0
shootout_annotations,binarytrees_2_strict,shootout_annotations/binarytrees_2_strict,29,29,0
shootout_annotations,binarytrees_2_strict,shootout_annotations/binarytrees_2_strict,29,29,0
shootout_annotations,binarytrees_2_strict,shootout_annotations/binarytrees_2_strict,29,29,0
shootout_annotations,binarytrees_2_strict,shootout_annotations/binarytrees_2_strict,29,29,0
shootout,reversecomplement,shootout/reversecomplement,225044,6,0
shootout,reversecomplement,shootout/reversecomplement,225033,1,0
shootout,reversecomplement,shootout/reversecomplement,75023,1,0
shootout,reversecomplement,shootout/reversecomplement,75015,1,0
shootout,reversecomplement,shootout/reversecomplement,75015,1,0
shootout,reversecomplement,shootout/reversecomplement,75015,1,0
shootout,reversecomplement,shootout/reversecomplement,75015,1,0
shootout,reversecomplement,shootout/reversecomplement,75015,1,0
shootout,reversecomplement,shootout/reversecomplement,75015,1,0
shootout,reversecomplement,shootout/reversecomplement,75015,1,0
shootout,reversecomplement,shootout/reversecomplement,75015,1,0
shootout,reversecomplement,shootout/reversecomplement,75015,1,0
shootout,reversecomplement,shootout/reversecomplement,75015,1,0
shootout,reversecomplement,shootout/reversecomplement,75015,1,0
shootout,reversecomplement,shootout/reversecomplement,75015,1,0
simple,list-for,simple/list-for,0,0,0
simple,list-for,simple/list-for,0,0,0
simple,list-for,simple/list-for,0,0,0
simple,list-for,simple/list-for,0,0,0
simple,list-for,simple/list-for,0,0,0
simple,list-for,simple/list-for,0,0,0
simple,list-for,simple/list-for,0,0,0
simple,list-for,simple/list-for,0,0,0
simple,list-for,simple/list-for,0,0,0
simple,list-for,simple/list-for,0,0,0
simple,list-for,simple/list-for,0,0,0
simple,list-for,simple/list-for,0,0,0
simple,list-for,simple/list-for,0,0,0
simple,list-for,simple/list-for,0,0,0
simple,list-for,simple/list-for,0,0,0
shootout,fannkuchredux_naive,shootout/fannkuchredux_naive,8,0,0
shootout,fannkuchredux_naive,shootout/fannkuchredux_naive,8,0,0
shootout,fannkuchredux_naive,shootout/fannkuchredux_naive,0,0,0
shootout,fannkuchredux_naive,shootout/fannkuchredux_naive,0,0,0
shootout,fannkuchredux_naive,shootout/fannkuchredux_naive,0,0,0
shootout,fannkuchredux_naive,shootout/fannkuchredux_naive,0,0,0
shootout,fannkuchredux_naive,shootout/fannkuchredux_naive,0,0,0
shootout,fannkuchredux_naive,shootout/fannkuchredux_naive,0,0,0
shootout,fannkuchredux_naive,shootout/fannkuchredux_naive,0,0,0
shootout,fannkuchredux_naive,shootout/fannkuchredux_naive,0,0,0
shootout,fannkuchredux_naive,shootout/fannkuchredux_naive,0,0,0
shootout,fannkuchredux_naive,shootout/fannkuchredux_naive,0,0,0
shootout,fannkuchredux_naive,shootout/fannkuchredux_naive,0,0,0
shootout,fannkuchredux_naive,shootout/fannkuchredux_naive,0,0,0
shootout,fannkuchredux_naive,shootout/fannkuchredux_naive,0,0,0
simple,lapply-dots,simple/lapply-dots,2,0,0
simple,lapply-dots,simple/lapply-dots,2,0,0
simple,lapply-dots,simple/lapply-dots,0,0,0
simple,lapply-dots,simple/lapply-dots,0,0,0
simple,lapply-dots,simple/lapply-dots,0,0,0
simple,lapply-dots,simple/lapply-dots,0,0,0
simple,lapply-dots,simple/lapply-dots,0,0,0
simple,lapply-dots,simple/lapply-dots,0,0,0
simple,lapply-dots,simple/lapply-dots,0,0,0
simple,lapply-dots,simple/lapply-dots,0,0,0
simple,lapply-dots,simple/lapply-dots,0,0,0
simple,lapply-dots,simple/lapply-dots,0,0,0
simple,lapply-dots,simple/lapply-dots,0,0,0
simple,lapply-dots,simple/lapply-dots,0,0,0
simple,lapply-dots,simple/lapply-dots,0,0,0
shootout,spectralnorm_naive,shootout/spectralnorm_naive,64,10,0
shootout,spectralnorm_naive,shootout/spectralnorm_naive,57,5,0
shootout,spectralnorm_naive,shootout/spectralnorm_naive,52,5,0
shootout,spectralnorm_naive,shootout/spectralnorm_naive,52,5,0
shootout,spectralnorm_naive,shootout/spectralnorm_naive,52,5,0
shootout,spectralnorm_naive,shootout/spectralnorm_naive,52,5,0
shootout,spectralnorm_naive,shootout/spectralnorm_naive,52,5,0
shootout,spectralnorm_naive,shootout/spectralnorm_naive,52,5,0
shootout,spectralnorm_naive,shootout/spectralnorm_naive,52,5,0
shootout,spectralnorm_naive,shootout/spectralnorm_naive,52,5,0
shootout,spectralnorm_naive,shootout/spectralnorm_naive,52,5,0
shootout,spectralnorm_naive,shootout/spectralnorm_naive,52,5,0
shootout,spectralnorm_naive,shootout/spectralnorm_naive,52,5,0
shootout,spectralnorm_naive,shootout/spectralnorm_naive,52,5,0
shootout,spectralnorm_naive,shootout/spectralnorm_naive,52,5,0
shootout,spectralnorm,shootout/spectralnorm,15,10,0
shootout,spectralnorm,shootout/spectralnorm,10,5,0
shootout,spectralnorm,shootout/spectralnorm,7,5,0
shootout,spectralnorm,shootout/spectralnorm,7,5,0
shootout,spectralnorm,shootout/spectralnorm,7,5,0
shootout,spectralnorm,shootout/spectralnorm,7,5,0
shootout,spectralnorm,shootout/spectralnorm,7,5,0
shootout,spectralnorm,shootout/spectralnorm,7,5,0
shootout,spectralnorm,shootout/spectralnorm,7,5,0
shootout,spectralnorm,shootout/spectralnorm,7,5,0
shootout,spectralnorm,shootout/spectralnorm,7,5,0
shootout,spectralnorm,shootout/spectralnorm,7,5,0
shootout,spectralnorm,shootout/spectralnorm,7,5,0
shootout,spectralnorm,shootout/spectralnorm,7,5,0
shootout,spectralnorm,shootout/spectralnorm,7,5,0
shootout,knucleotide_brute_2,shootout/knucleotide_brute_2,213688,69972,0
shootout,knucleotide_brute_2,shootout/knucleotide_brute_2,213640,69967,0
shootout,knucleotide_brute_2,shootout/knucleotide_brute_2,213279,69967,0
shootout,knucleotide_brute_2,shootout/knucleotide_brute_2,213279,69967,0
shootout,knucleotide_brute_2,shootout/knucleotide_brute_2,213279,69967,0
shootout,knucleotide_brute_2,shootout/knucleotide_brute_2,213279,69967,0
shootout,knucleotide_brute_2,shootout/knucleotide_brute_2,213279,69967,0
shootout,knucleotide_brute_2,shootout/knucleotide_brute_2,213279,69967,0
shootout,knucleotide_brute_2,shootout/knucleotide_brute_2,213279,69967,0
shootout,knucleotide_brute_2,shootout/knucleotide_brute_2,213279,69967,0
shootout,knucleotide_brute_2,shootout/knucleotide_brute_2,213279,69967,0
shootout,knucleotide_brute_2,shootout/knucleotide_brute_2,213279,69967,0
shootout,knucleotide_brute_2,shootout/knucleotide_brute_2,213279,69967,0
shootout,knucleotide_brute_2,shootout/knucleotide_brute_2,213279,69967,0
shootout,knucleotide_brute_2,shootout/knucleotide_brute_2,213279,69967,0
simple,profiler-microbenchmark,simple/profiler-microbenchmark,16,14,0
simple,profiler-microbenchmark,simple/profiler-microbenchmark,13,11,0
simple,profiler-microbenchmark,simple/profiler-microbenchmark,13,11,0
simple,profiler-microbenchmark,simple/profiler-microbenchmark,13,11,0
simple,profiler-microbenchmark,simple/profiler-microbenchmark,13,11,0
simple,profiler-microbenchmark,simple/profiler-microbenchmark,13,11,0
simple,profiler-microbenchmark,simple/profiler-microbenchmark,13,11,0
simple,profiler-microbenchmark,simple/profiler-microbenchmark,13,11,0
simple,profiler-microbenchmark,simple/profiler-microbenchmark,13,11,0
simple,profiler-microbenchmark,simple/profiler-microbenchmark,13,11,0
simple,profiler-microbenchmark,simple/profiler-microbenchmark,13,11,0
simple,profiler-microbenchmark,simple/profiler-microbenchmark,13,11,0
simple,profiler-microbenchmark,simple/profiler-microbenchmark,13,11,0
simple,profiler-microbenchmark,simple/profiler-microbenchmark,13,11,0
simple,profiler-microbenchmark,simple/profiler-microbenchmark,13,11,0
are-we-fast-r,Bounce,are-we-fast-r/Bounce,10506,3500,0
are-we-fast-r,Bounce,are-we-fast-r/Bounce,10502,3500,0
are-we-fast-r,Bounce,are-we-fast-r/Bounce,10502,3500,0
are-we-fast-r,Bounce,are-we-fast-r/Bounce,10502,3500,0
are-we-fast-r,Bounce,are-we-fast-r/Bounce,10502,3500,0
are-we-fast-r,Bounce,are-we-fast-r/Bounce,10502,3500,0
are-we-fast-r,Bounce,are-we-fast-r/Bounce,10502,3500,0
are-we-fast-r,Bounce,are-we-fast-r/Bounce,10502,3500,0
are-we-fast-r,Bounce,are-we-fast-r/Bounce,10502,3500,0
are-we-fast-r,Bounce,are-we-fast-r/Bounce,10502,3500,0
are-we-fast-r,Bounce,are-we-fast-r/Bounce,10502,3500,0
are-we-fast-r,Bounce,are-we-fast-r/Bounce,10502,3500,0
are-we-fast-r,Bounce,are-we-fast-r/Bounce,10502,3500,0
are-we-fast-r,Bounce,are-we-fast-r/Bounce,10502,3500,0
are-we-fast-r,Bounce,are-we-fast-r/Bounce,10502,3500,0
shootout,nbody_naive,shootout/nbody_naive,90,20,0
shootout,nbody_naive,shootout/nbody_naive,80,20,0
shootout,nbody_naive,shootout/nbody_naive,68,20,0
shootout,nbody_naive,shootout/nbody_naive,66,20,0
shootout,nbody_naive,shootout/nbody_naive,66,20,0
shootout,nbody_naive,shootout/nbody_naive,66,20,0
shootout,nbody_naive,shootout/nbody_naive,66,20,0
shootout,nbody_naive,shootout/nbody_naive,66,20,0
shootout,nbody_naive,shootout/nbody_naive,66,20,0
shootout,nbody_naive,shootout/nbody_naive,66,20,0
shootout,nbody_naive,shootout/nbody_naive,66,20,0
shootout,nbody_naive,shootout/nbody_naive,66,20,0
shootout,nbody_naive,shootout/nbody_naive,66,20,0
shootout,nbody_naive,shootout/nbody_naive,66,20,0
shootout,nbody_naive,shootout/nbody_naive,66,20,0
shootout,knucleotide,shootout/knucleotide,253769,46,0
shootout,knucleotide,shootout/knucleotide,213717,41,0
shootout,knucleotide,shootout/knucleotide,213356,41,0
shootout,knucleotide,shootout/knucleotide,213356,41,0
shootout,knucleotide,shootout/knucleotide,213356,41,0
shootout,knucleotide,shootout/knucleotide,213356,41,0
shootout,knucleotide,shootout/knucleotide,213356,41,0
shootout,knucleotide,shootout/knucleotide,213356,41,0
shootout,knucleotide,shootout/knucleotide,213356,41,0
shootout,knucleotide,shootout/knucleotide,213356,41,0
shootout,knucleotide,shootout/knucleotide,213356,41,0
shootout,knucleotide,shootout/knucleotide,213356,41,0
shootout,knucleotide,shootout/knucleotide,213356,41,0
shootout,knucleotide,shootout/knucleotide,213356,41,0
shootout,knucleotide,shootout/knucleotide,213356,41,0
simple,vector-while,simple/vector-while,1,0,0
simple,vector-while,simple/vector-while,1,0,0
simple,vector-while,simple/vector-while,0,0,0
simple,vector-while,simple/vector-while,0,0,0
simple,vector-while,simple/vector-while,0,0,0
simple,vector-while,simple/vector-while,0,0,0
simple,vector-while,simple/vector-while,0,0,0
simple,vector-while,simple/vector-while,0,0,0
simple,vector-while,simple/vector-while,0,0,0
simple,vector-while,simple/vector-while,0,0,0
simple,vector-while,simple/vector-while,0,0,0
simple,vector-while,simple/vector-while,0,0,0
simple,vector-while,simple/vector-while,0,0,0
simple,vector-while,simple/vector-while,0,0,0
simple,vector-while,simple/vector-while,0,0,0
simple,vector-for,simple/vector-for,1,0,0
simple,vector-for,simple/vector-for,1,0,0
simple,vector-for,simple/vector-for,0,0,0
simple,vector-for,simple/vector-for,0,0,0
simple,vector-for,simple/vector-for,0,0,0
simple,vector-for,simple/vector-for,0,0,0
simple,vector-for,simple/vector-for,0,0,0
simple,vector-for,simple/vector-for,0,0,0
simple,vector-for,simple/vector-for,0,0,0
simple,vector-for,simple/vector-for,0,0,0
simple,vector-for,simple/vector-for,0,0,0
simple,vector-for,simple/vector-for,0,0,0
simple,vector-for,simple/vector-for,0,0,0
simple,vector-for,simple/vector-for,0,0,0
simple,vector-for,simple/vector-for,0,0,0
shootout,fastaredux,shootout/fastaredux,53361,0,0
shootout,fastaredux,shootout/fastaredux,10694,0,0
shootout,fastaredux,shootout/fastaredux,10,0,0
shootout,fastaredux,shootout/fastaredux,0,0,0
shootout,fastaredux,shootout/fastaredux,0,0,0
shootout,fastaredux,shootout/fastaredux,0,0,0
shootout,fastaredux,shootout/fastaredux,0,0,0
shootout,fastaredux,shootout/fastaredux,0,0,0
shootout,fastaredux,shootout/fastaredux,0,0,0
shootout,fastaredux,shootout/fastaredux,0,0,0
shootout,fastaredux,shootout/fastaredux,0,0,0
shootout,fastaredux,shootout/fastaredux,0,0,0
shootout,fastaredux,shootout/fastaredux,0,0,0
shootout,fastaredux,shootout/fastaredux,0,0,0
shootout,fastaredux,shootout/fastaredux,0,0,0
simple,empty-while,simple/empty-while,0,0,0
simple,empty-while,simple/empty-while,0,0,0
simple,empty-while,simple/empty-while,0,0,0
simple,empty-while,simple/empty-while,0,0,0
simple,empty-while,simple/empty-while,0,0,0
simple,empty-while,simple/empty-while,0,0,0
simple,empty-while,simple/empty-while,0,0,0
simple,empty-while,simple/empty-while,0,0,0
simple,empty-while,simple/empty-while,0,0,0
simple,empty-while,simple/empty-while,0,0,0
simple,empty-while,simple/empty-while,0,0,0
simple,empty-while,simple/empty-while,0,0,0
simple,empty-while,simple/empty-while,0,0,0
simple,empty-while,simple/empty-while,0,0,0
simple,empty-while,simple/empty-while,0,0,0
simple,lapply,simple/lapply,2,0,0
simple,lapply,simple/lapply,2,0,0
simple,lapply,simple/lapply,0,0,0
simple,lapply,simple/lapply,0,0,0
simple,lapply,simple/lapply,0,0,0
simple,lapply,simple/lapply,0,0,0
simple,lapply,simple/lapply,0,0,0
simple,lapply,simple/lapply,0,0,0
simple,lapply,simple/lapply,0,0,0
simple,lapply,simple/lapply,0,0,0
simple,lapply,simple/lapply,0,0,0
simple,lapply,simple/lapply,0,0,0
simple,lapply,simple/lapply,0,0,0
simple,lapply,simple/lapply,0,0,0
simple,lapply,simple/lapply,0,0,0
simple,empty-for,simple/empty-for,0,0,0
simple,empty-for,simple/empty-for,0,0,0
simple,empty-for,simple/empty-for,0,0,0
simple,empty-for,simple/empty-for,0,0,0
simple,empty-for,simple/empty-for,0,0,0
simple,empty-for,simple/empty-for,0,0,0
simple,empty-for,simple/empty-for,0,0,0
simple,empty-for,simple/empty-for,0,0,0
simple,empty-for,simple/empty-for,0,0,0
simple,empty-for,simple/empty-for,0,0,0
simple,empty-for,simple/empty-for,0,0,0
simple,empty-for,simple/empty-for,0,0,0
simple,empty-for,simple/empty-for,0,0,0
simple,empty-for,simple/empty-for,0,0,0
simple,empty-for,simple/empty-for,0,0,0
simple,matrix-for,simple/matrix-for,3,0,0
simple,matrix-for,simple/matrix-for,3,0,0
simple,matrix-for,simple/matrix-for,0,0,0
simple,matrix-for,simple/matrix-for,0,0,0
simple,matrix-for,simple/matrix-for,0,0,0
simple,matrix-for,simple/matrix-for,0,0,0
simple,matrix-for,simple/matrix-for,0,0,0
simple,matrix-for,simple/matrix-for,0,0,0
simple,matrix-for,simple/matrix-for,0,0,0
simple,matrix-for,simple/matrix-for,0,0,0
simple,matrix-for,simple/matrix-for,0,0,0
simple,matrix-for,simple/matrix-for,0,0,0
simple,matrix-for,simple/matrix-for,0,0,0
simple,matrix-for,simple/matrix-for,0,0,0
simple,matrix-for,simple/matrix-for,0,0,0
real_thing,convolution_v,real_thing/convolution_v,48,4,0
real_thing,convolution_v,real_thing/convolution_v,25,0,0
real_thing,convolution_v,real_thing/convolution_v,25,0,0
real_thing,convolution_v,real_thing/convolution_v,25,0,0
real_thing,convolution_v,real_thing/convolution_v,25,0,0
real_thing,convolution_v,real_thing/convolution_v,25,0,0
real_thing,convolution_v,real_thing/convolution_v,25,0,0
real_thing,convolution_v,real_thing/convolution_v,25,0,0
real_thing,convolution_v,real_thing/convolution_v,25,0,0
real_thing,convolution_v,real_thing/convolution_v,25,0,0
real_thing,convolution_v,real_thing/convolution_v,25,0,0
real_thing,convolution_v,real_thing/convolution_v,25,0,0
real_thing,convolution_v,real_thing/convolution_v,25,0,0
real_thing,convolution_v,real_thing/convolution_v,25,0,0
real_thing,convolution_v,real_thing/convolution_v,25,0,0
are-we-fast-r,Bounce_nonames_simple,are-we-fast-r/Bounce_nonames_simple,6,0,0
are-we-fast-r,Bounce_nonames_simple,are-we-fast-r/Bounce_nonames_simple,2,0,0
are-we-fast-r,Bounce_nonames_simple,are-we-fast-r/Bounce_nonames_simple,2,0,0
are-we-fast-r,Bounce_nonames_simple,are-we-fast-r/Bounce_nonames_simple,2,0,0
are-we-fast-r,Bounce_nonames_simple,are-we-fast-r/Bounce_nonames_simple,2,0,0
are-we-fast-r,Bounce_nonames_simple,are-we-fast-r/Bounce_nonames_simple,2,0,0
are-we-fast-r,Bounce_nonames_simple,are-we-fast-r/Bounce_nonames_simple,2,0,0
are-we-fast-r,Bounce_nonames_simple,are-we-fast-r/Bounce_nonames_simple,2,0,0
are-we-fast-r,Bounce_nonames_simple,are-we-fast-r/Bounce_nonames_simple,2,0,0
are-we-fast-r,Bounce_nonames_simple,are-we-fast-r/Bounce_nonames_simple,2,0,0
are-we-fast-r,Bounce_nonames_simple,are-we-fast-r/Bounce_nonames_simple,2,0,0
are-we-fast-r,Bounce_nonames_simple,are-we-fast-r/Bounce_nonames_simple,2,0,0
are-we-fast-r,Bounce_nonames_simple,are-we-fast-r/Bounce_nonames_simple,2,0,0
are-we-fast-r,Bounce_nonames_simple,are-we-fast-r/Bounce_nonames_simple,2,0,0
are-we-fast-r,Bounce_nonames_simple,are-we-fast-r/Bounce_nonames_simple,2,0,0
simple,scalar-while,simple/scalar-while,0,0,0
simple,scalar-while,simple/scalar-while,0,0,0
simple,scalar-while,simple/scalar-while,0,0,0
simple,scalar-while,simple/scalar-while,0,0,0
simple,scalar-while,simple/scalar-while,0,0,0
simple,scalar-while,simple/scalar-while,0,0,0
simple,scalar-while,simple/scalar-while,0,0,0
simple,scalar-while,simple/scalar-while,0,0,0
simple,scalar-while,simple/scalar-while,0,0,0
simple,scalar-while,simple/scalar-while,0,0,0
simple,scalar-while,simple/scalar-while,0,0,0
simple,scalar-while,simple/scalar-while,0,0,0
simple,scalar-while,simple/scalar-while,0,0,0
simple,scalar-while,simple/scalar-while,0,0,0
simple,scalar-while,simple/scalar-while,0,0,0
shootout,mandelbrot_noout,shootout/mandelbrot_noout,2028,402,0
shootout,mandelbrot_noout,shootout/mandelbrot_noout,2014,402,0
shootout,mandelbrot_noout,shootout/mandelbrot_noout,2004,402,0
shootout,mandelbrot_noout,shootout/mandelbrot_noout,2004,402,0
shootout,mandelbrot_noout,shootout/mandelbrot_noout,2004,402,0
shootout,mandelbrot_noout,shootout/mandelbrot_noout,2004,402,0
shootout,mandelbrot_noout,shootout/mandelbrot_noout,2004,402,0
shootout,mandelbrot_noout,shootout/mandelbrot_noout,2004,402,0
shootout,mandelbrot_noout,shootout/mandelbrot_noout,2004,402,0
shootout,mandelbrot_noout,shootout/mandelbrot_noout,2004,402,0
shootout,mandelbrot_noout,shootout/mandelbrot_noout,2004,402,0
shootout,mandelbrot_noout,shootout/mandelbrot_noout,2004,402,0
shootout,mandelbrot_noout,shootout/mandelbrot_noout,2004,402,0
shootout,mandelbrot_noout,shootout/mandelbrot_noout,2004,402,0
shootout,mandelbrot_noout,shootout/mandelbrot_noout,2004,402,0
shootout,binarytrees,shootout/binarytrees,65,24,0
shootout,binarytrees,shootout/binarytrees,46,19,0
shootout,binarytrees,shootout/binarytrees,21,19,0
shootout,binarytrees,shootout/binarytrees,21,19,0
shootout,binarytrees,shootout/binarytrees,19,19,0
shootout,binarytrees,shootout/binarytrees,19,19,0
shootout,binarytrees,shootout/binarytrees,19,19,0
shootout,binarytrees,shootout/binarytrees,19,19,0
shootout,binarytrees,shootout/binarytrees,19,19,0
shootout,binarytrees,shootout/binarytrees,19,19,0
shootout,binarytrees,shootout/binarytrees,19,19,0
shootout,binarytrees,shootout/binarytrees,19,19,0
shootout,binarytrees,shootout/binarytrees,19,19,0
shootout,binarytrees,shootout/binarytrees,19,19,0
shootout,binarytrees,shootout/binarytrees,19,19,0
shootout,fasta_naive_2,shootout/fasta_naive_2,53357,0,0
shootout,fasta_naive_2,shootout/fasta_naive_2,10694,0,0
shootout,fasta_naive_2,shootout/fasta_naive_2,10,0,0
shootout,fasta_naive_2,shootout/fasta_naive_2,0,0,0
shootout,fasta_naive_2,shootout/fasta_naive_2,0,0,0
shootout,fasta_naive_2,shootout/fasta_naive_2,0,0,0
shootout,fasta_naive_2,shootout/fasta_naive_2,0,0,0
shootout,fasta_naive_2,shootout/fasta_naive_2,0,0,0
shootout,fasta_naive_2,shootout/fasta_naive_2,0,0,0
shootout,fasta_naive_2,shootout/fasta_naive_2,0,0,0
shootout,fasta_naive_2,shootout/fasta_naive_2,0,0,0
shootout,fasta_naive_2,shootout/fasta_naive_2,0,0,0
shootout,fasta_naive_2,shootout/fasta_naive_2,0,0,0
shootout,fasta_naive_2,shootout/fasta_naive_2,0,0,0
shootout,fasta_naive_2,shootout/fasta_naive_2,0,0,0
shootout,spectralnorm_math,shootout/spectralnorm_math,280,260,0
shootout,spectralnorm_math,shootout/spectralnorm_math,268,250,0
shootout,spectralnorm_math,shootout/spectralnorm_math,266,250,0
shootout,spectralnorm_math,shootout/spectralnorm_math,266,250,0
shootout,spectralnorm_math,shootout/spectralnorm_math,266,250,0
shootout,spectralnorm_math,shootout/spectralnorm_math,266,250,0
shootout,spectralnorm_math,shootout/spectralnorm_math,266,250,0
shootout,spectralnorm_math,shootout/spectralnorm_math,266,250,0
shootout,spectralnorm_math,shootout/spectralnorm_math,266,250,0
shootout,spectralnorm_math,shootout/spectralnorm_math,266,250,0
shootout,spectralnorm_math,shootout/spectralnorm_math,266,250,0
shootout,spectralnorm_math,shootout/spectralnorm_math,266,250,0
shootout,spectralnorm_math,shootout/spectralnorm_math,266,250,0
shootout,spectralnorm_math,shootout/spectralnorm_math,266,250,0
shootout,spectralnorm_math,shootout/spectralnorm_math,266,250,0
shootout,fannkuchredux,shootout/fannkuchredux,8,0,0
shootout,fannkuchredux,shootout/fannkuchredux,8,0,0
shootout,fannkuchredux,shootout/fannkuchredux,0,0,0
shootout,fannkuchredux,shootout/fannkuchredux,0,0,0
shootout,fannkuchredux,shootout/fannkuchredux,0,0,0
shootout,fannkuchredux,shootout/fannkuchredux,0,0,0
shootout,fannkuchredux,shootout/fannkuchredux,0,0,0
shootout,fannkuchredux,shootout/fannkuchredux,0,0,0
shootout,fannkuchredux,shootout/fannkuchredux,0,0,0
shootout,fannkuchredux,shootout/fannkuchredux,0,0,0
shootout,fannkuchredux,shootout/fannkuchredux,0,0,0
shootout,fannkuchredux,shootout/fannkuchredux,0,0,0
shootout,fannkuchredux,shootout/fannkuchredux,0,0,0
shootout,fannkuchredux,shootout/fannkuchredux,0,0,0
shootout,fannkuchredux,shootout/fannkuchredux,0,0,0
shootout,nbody_naive_2,shootout/nbody_naive_2,74,22,0
shootout,nbody_naive_2,shootout/nbody_naive_2,38,12,0
shootout,nbody_naive_2,shootout/nbody_naive_2,28,12,0
shootout,nbody_naive_2,shootout/nbody_naive_2,28,12,0
shootout,nbody_naive_2,shootout/nbody_naive_2,28,12,0
shootout,nbody_naive_2,shootout/nbody_naive_2,28,12,0
shootout,nbody_naive_2,shootout/nbody_naive_2,28,12,0
shootout,nbody_naive_2,shootout/nbody_naive_2,28,12,0
shootout,nbody_naive_2,shootout/nbody_naive_2,28,12,0
shootout,nbody_naive_2,shootout/nbody_naive_2,28,12,0
shootout,nbody_naive_2,shootout/nbody_naive_2,28,12,0
shootout,nbody_naive_2,shootout/nbody_naive_2,28,12,0
shootout,nbody_naive_2,shootout/nbody_naive_2,28,12,0
shootout,nbody_naive_2,shootout/nbody_naive_2,28,12,0
shootout,nbody_naive_2,shootout/nbody_naive_2,28,12,0
shootout,fasta_naive,shootout/fasta_naive,53357,0,0
shootout,fasta_naive,shootout/fasta_naive,10694,0,0
shootout,fasta_naive,shootout/fasta_naive,10,0,0
shootout,fasta_naive,shootout/fasta_naive,0,0,0
shootout,fasta_naive,shootout/fasta_naive,0,0,0
shootout,fasta_naive,shootout/fasta_naive,0,0,0
shootout,fasta_naive,shootout/fasta_naive,0,0,0
shootout,fasta_naive,shootout/fasta_naive,0,0,0
shootout,fasta_naive,shootout/fasta_naive,0,0,0
shootout,fasta_naive,shootout/fasta_naive,0,0,0
shootout,fasta_naive,shootout/fasta_naive,0,0,0
shootout,fasta_naive,shootout/fasta_naive,0,0,0
shootout,fasta_naive,shootout/fasta_naive,0,0,0
shootout,fasta_naive,shootout/fasta_naive,0,0,0
shootout,fasta_naive,shootout/fasta_naive,0,0,0
shootout_annotations,knucleotide_brute_strict,shootout_annotations/knucleotide_brute_strict,213688,69972,0
shootout_annotations,knucleotide_brute_strict,shootout_annotations/knucleotide_brute_strict,213640,69967,0
shootout_annotations,knucleotide_brute_strict,shootout_annotations/knucleotide_brute_strict,213279,69967,0
shootout_annotations,knucleotide_brute_strict,shootout_annotations/knucleotide_brute_strict,213279,69967,0
shootout_annotations,knucleotide_brute_strict,shootout_annotations/knucleotide_brute_strict,213279,69967,0
shootout_annotations,knucleotide_brute_strict,shootout_annotations/knucleotide_brute_strict,213279,69967,0
shootout_annotations,knucleotide_brute_strict,shootout_annotations/knucleotide_brute_strict,213279,69967,0
shootout_annotations,knucleotide_brute_strict,shootout_annotations/knucleotide_brute_strict,213279,69967,0
shootout_annotations,knucleotide_brute_strict,shootout_annotations/knucleotide_brute_strict,213279,69967,0
shootout_annotations,knucleotide_brute_strict,shootout_annotations/knucleotide_brute_strict,213279,69967,0
shootout_annotations,knucleotide_brute_strict,shootout_annotations/knucleotide_brute_strict,213279,69967,0
shootout_annotations,knucleotide_brute_strict,shootout_annotations/knucleotide_brute_strict,213279,69967,0
shootout_annotations,knucleotide_brute_strict,shootout_annotations/knucleotide_brute_strict,213279,69967,0
shootout_annotations,knucleotide_brute_strict,shootout_annotations/knucleotide_brute_strict,213279,69967,0
shootout_annotations,knucleotide_brute_strict,shootout_annotations/knucleotide_brute_strict,213279,69967,0
shootout,knucleotide_brute,shootout/knucleotide_brute,213688,69972,0
shootout,knucleotide_brute,shootout/knucleotide_brute,213640,69967,0
shootout,knucleotide_brute,shootout/knucleotide_brute,213279,69967,0
shootout,knucleotide_brute,shootout/knucleotide_brute,213279,69967,0
shootout,knucleotide_brute,shootout/knucleotide_brute,213279,69967,0
shootout,knucleotide_brute,shootout/knucleotide_brute,213279,69967,0
shootout,knucleotide_brute,shootout/knucleotide_brute,213279,69967,0
shootout,knucleotide_brute,shootout/knucleotide_brute,213279,69967,0
shootout,knucleotide_brute,shootout/knucleotide_brute,213279,69967,0
shootout,knucleotide_brute,shootout/knucleotide_brute,213279,69967,0
shootout,knucleotide_brute,shootout/knucleotide_brute,213279,69967,0
shootout,knucleotide_brute,shootout/knucleotide_brute,213279,69967,0
shootout,knucleotide_brute,shootout/knucleotide_brute,213279,69967,0
shootout,knucleotide_brute,shootout/knucleotide_brute,213279,69967,0
shootout,knucleotide_brute,shootout/knucleotide_brute,213279,69967,0