shootout,knucleotide_brute_2,shootout/knucleotide_brute_2,467218,69976,4
shootout,knucleotide_brute_2,shootout/knucleotide_brute_2,427095,69969,9
shootout,knucleotide_brute_2,shootout/knucleotide_brute_2,425175,69969,26
shootout,knucleotide_brute_2,shootout/knucleotide_brute_2,425163,69969,3
shootout,knucleotide_brute_2,shootout/knucleotide_brute_2,425163,69969,0
shootout,knucleotide_brute_2,shootout/knucleotide_brute_2,425163,69969,0
shootout,knucleotide_brute_2,shootout/knucleotide_brute_2,425163,69969,0
shootout,knucleotide_brute_2,shootout/knucleotide_brute_2,425163,69969,0
shootout,knucleotide_brute_2,shootout/knucleotide_brute_2,425163,69969,0
shootout,knucleotide_brute_2,shootout/knucleotide_brute_2,425163,69969,0
shootout,knucleotide_brute_2,shootout/knucleotide_brute_2,425163,69969,0
shootout,knucleotide_brute_2,shootout/knucleotide_brute_2,425163,69969,0
shootout,knucleotide_brute_2,shootout/knucleotide_brute_2,425163,69969,0
shootout,knucleotide_brute_2,shootout/knucleotide_brute_2,425163,69969,0
shootout,knucleotide_brute_2,shootout/knucleotide_brute_2,425163,69969,0
shootout,fasta_3,shootout/fasta_3,716091,4,0
shootout,fasta_3,shootout/fasta_3,28079,2,11
shootout,fasta_3,shootout/fasta_3,10044,2,30
shootout,fasta_3,shootout/fasta_3,10032,2,0
shootout,fasta_3,shootout/fasta_3,10032,2,0
shootout,fasta_3,shootout/fasta_3,10032,2,0
shootout,fasta_3,shootout/fasta_3,10032,2,0
shootout,fasta_3,shootout/fasta_3,10032,2,0
shootout,fasta_3,shootout/fasta_3,10032,2,0
shootout,fasta_3,shootout/fasta_3,10032,2,0
shootout,fasta_3,shootout/fasta_3,10032,2,0
shootout,fasta_3,shootout/fasta_3,10032,2,0
shootout,fasta_3,shootout/fasta_3,10032,2,0
shootout,fasta_3,shootout/fasta_3,10032,2,0
shootout,fasta_3,shootout/fasta_3,10032,2,0
shootout,mandelbrot_noout_naive,shootout/mandelbrot_noout_naive,124,6,0
shootout,mandelbrot_noout_naive,shootout/mandelbrot_noout_naive,112,4,0
shootout,mandelbrot_noout_naive,shootout/mandelbrot_noout_naive,32,4,29
shootout,mandelbrot_noout_naive,shootout/mandelbrot_noout_naive,32,4,0
shootout,mandelbrot_noout_naive,shootout/mandelbrot_noout_naive,32,4,0
shootout,mandelbrot_noout_naive,shootout/mandelbrot_noout_naive,32,4,0
shootout,mandelbrot_noout_naive,shootout/mandelbrot_noout_naive,32,4,0
shootout,mandelbrot_noout_naive,shootout/mandelbrot_noout_naive,32,4,0
shootout,mandelbrot_noout_naive,shootout/mandelbrot_noout_naive,32,4,0
shootout,mandelbrot_noout_naive,shootout/mandelbrot_noout_naive,32,4,0
shootout,mandelbrot_noout_naive,shootout/mandelbrot_noout_naive,32,4,0
shootout,mandelbrot_noout_naive,shootout/mandelbrot_noout_naive,32,4,0
shootout,mandelbrot_noout_naive,shootout/mandelbrot_noout_naive,32,4,0
shootout,mandelbrot_noout_naive,shootout/mandelbrot_noout_naive,32,4,0
shootout,mandelbrot_noout_naive,shootout/mandelbrot_noout_naive,32,4,0
shootout,mandelbrot_ascii,shootout/mandelbrot_ascii,6409,306,4
shootout,mandelbrot_ascii,shootout/mandelbrot_ascii,6357,304,0
shootout,mandelbrot_ascii,shootout/mandelbrot_ascii,3332,304,21
shootout,mandelbrot_ascii,shootout/mandelbrot_ascii,3332,304,0
shootout,mandelbrot_ascii,shootout/mandelbrot_ascii,3332,304,0
shootout,mandelbrot_ascii,shootout/mandelbrot_ascii,3332,304,0
shootout,mandelbrot_ascii,shootout/mandelbrot_ascii,3332,304,0
shootout,mandelbrot_ascii,shootout/mandelbrot_ascii,3332,304,0
shootout,mandelbrot_ascii,shootout/mandelbrot_ascii,3332,304,0
shootout,mandelbrot_ascii,shootout/mandelbrot_ascii,3332,304,0
shootout,mandelbrot_ascii,shootout/mandelbrot_ascii,3332,304,0
shootout,mandelbrot_ascii,shootout/mandelbrot_ascii,3332,304,0
shootout,mandelbrot_ascii,shootout/mandelbrot_ascii,3332,304,0
shootout,mandelbrot_ascii,shootout/mandelbrot_ascii,3332,304,0
shootout,mandelbrot_ascii,shootout/mandelbrot_ascii,3332,304,0
shootout,spectralnorm_math,shootout/spectralnorm_math,370,264,31
shootout,spectralnorm_math,shootout/spectralnorm_math,329,252,3
shootout,spectralnorm_math,shootout/spectralnorm_math,305,252,9
shootout,spectralnorm_math,shootout/spectralnorm_math,305,252,0
shootout,spectralnorm_math,shootout/spectralnorm_math,305,252,0
shootout,spectralnorm_math,shootout/spectralnorm_math,305,252,0
shootout,spectralnorm_math,shootout/spectralnorm_math,305,252,0
shootout,spectralnorm_math,shootout/spectralnorm_math,305,252,0
shootout,spectralnorm_math,shootout/spectralnorm_math,305,252,0
shootout,spectralnorm_math,shootout/spectralnorm_math,305,252,0
shootout,spectralnorm_math,shootout/spectralnorm_math,305,252,0
shootout,spectralnorm_math,shootout/spectralnorm_math,305,252,0
shootout,spectralnorm_math,shootout/spectralnorm_math,305,252,0
shootout,spectralnorm_math,shootout/spectralnorm_math,305,252,0
shootout,spectralnorm_math,shootout/spectralnorm_math,305,252,0
shootout,knucleotide_brute_3,shootout/knucleotide_brute_3,237324,15,4
shootout,knucleotide_brute_3,shootout/knucleotide_brute_3,217210,8,7
shootout,knucleotide_brute_3,shootout/knucleotide_brute_3,215290,8,26
shootout,knucleotide_brute_3,shootout/knucleotide_brute_3,215278,8,3
shootout,knucleotide_brute_3,shootout/knucleotide_brute_3,215278,8,0
shootout,knucleotide_brute_3,shootout/knucleotide_brute_3,215278,8,0
shootout,knucleotide_brute_3,shootout/knucleotide_brute_3,215278,8,0
shootout,knucleotide_brute_3,shootout/knucleotide_brute_3,215278,8,0
shootout,knucleotide_brute_3,shootout/knucleotide_brute_3,215278,8,0
shootout,knucleotide_brute_3,shootout/knucleotide_brute_3,215278,8,0
shootout,knucleotide_brute_3,shootout/knucleotide_brute_3,215278,8,0
shootout,knucleotide_brute_3,shootout/knucleotide_brute_3,215278,8,0
shootout,knucleotide_brute_3,shootout/knucleotide_brute_3,215278,8,0
shootout,knucleotide_brute_3,shootout/knucleotide_brute_3,215278,8,0
shootout,knucleotide_brute_3,shootout/knucleotide_brute_3,215278,8,0
shootout,fasta_naive,shootout/fasta_naive,824095,4,0
shootout,fasta_naive,shootout/fasta_naive,77422,2,1
shootout,fasta_naive,shootout/fasta_naive,53380,2,22
shootout,fasta_naive,shootout/fasta_naive,53368,2,0
shootout,fasta_naive,shootout/fasta_naive,53368,2,0
shootout,fasta_naive,shootout/fasta_naive,53368,2,0
shootout,fasta_naive,shootout/fasta_naive,53368,2,0
shootout,fasta_naive,shootout/fasta_naive,53368,2,0
shootout,fasta_naive,shootout/fasta_naive,53368,2,0
shootout,fasta_naive,shootout/fasta_naive,53368,2,0
shootout,fasta_naive,shootout/fasta_naive,53368,2,0
shootout,fasta_naive,shootout/fasta_naive,53368,2,0
shootout,fasta_naive,shootout/fasta_naive,53368,2,0
shootout,fasta_naive,shootout/fasta_naive,53368,2,0
shootout,fasta_naive,shootout/fasta_naive,53368,2,0
simple,empty-while,simple/empty-while,29,8,0
simple,empty-while,simple/empty-while,26,2,0
simple,empty-while,simple/empty-while,22,2,4
simple,empty-while,simple/empty-while,22,2,0
simple,empty-while,simple/empty-while,22,2,0
simple,empty-while,simple/empty-while,22,2,0
simple,empty-while,simple/empty-while,22,2,0
simple,empty-while,simple/empty-while,22,2,0
simple,empty-while,simple/empty-while,22,2,0
simple,empty-while,simple/empty-while,22,2,0
simple,empty-while,simple/empty-while,22,2,0
simple,empty-while,simple/empty-while,22,2,0
simple,empty-while,simple/empty-while,22,2,0
simple,empty-while,simple/empty-while,22,2,0
simple,empty-while,simple/empty-while,22,2,0
shootout,fastaredux,shootout/fastaredux,198655,4,0
shootout,fastaredux,shootout/fastaredux,69422,2,5
shootout,fastaredux,shootout/fastaredux,45379,2,24
shootout,fastaredux,shootout/fastaredux,45367,2,0
shootout,fastaredux,shootout/fastaredux,45367,2,0
shootout,fastaredux,shootout/fastaredux,45367,2,0
shootout,fastaredux,shootout/fastaredux,45367,2,0
shootout,fastaredux,shootout/fastaredux,45367,2,0
shootout,fastaredux,shootout/fastaredux,45367,2,0
shootout,fastaredux,shootout/fastaredux,45367,2,0
shootout,fastaredux,shootout/fastaredux,45367,2,0
shootout,fastaredux,shootout/fastaredux,45367,2,0
shootout,fastaredux,shootout/fastaredux,45367,2,0
shootout,fastaredux,shootout/fastaredux,45367,2,0
shootout,fastaredux,shootout/fastaredux,45367,2,0
simple,matrix-for,simple/matrix-for,36,8,0
simple,matrix-for,simple/matrix-for,33,2,0
simple,matrix-for,simple/matrix-for,22,2,6
simple,matrix-for,simple/matrix-for,22,2,0
simple,matrix-for,simple/matrix-for,22,2,0
simple,matrix-for,simple/matrix-for,22,2,0
simple,matrix-for,simple/matrix-for,22,2,0
simple,matrix-for,simple/matrix-for,22,2,0
simple,matrix-for,simple/matrix-for,22,2,0
simple,matrix-for,simple/matrix-for,22,2,0
simple,matrix-for,simple/matrix-for,22,2,0
simple,matrix-for,simple/matrix-for,22,2,0
simple,matrix-for,simple/matrix-for,22,2,0
simple,matrix-for,simple/matrix-for,22,2,0
simple,matrix-for,simple/matrix-for,22,2,0
shootout,nbody_3,shootout/nbody_3,420272,220021,14
shootout,nbody_3,shootout/nbody_3,420102,220014,15
shootout,nbody_3,shootout/nbody_3,400076,220014,31
shootout,nbody_3,shootout/nbody_3,400076,220014,0
shootout,nbody_3,shootout/nbody_3,400076,220014,0
shootout,nbody_3,shootout/nbody_3,400076,220014,0
shootout,nbody_3,shootout/nbody_3,400076,220014,0
shootout,nbody_3,shootout/nbody_3,400076,220014,0
shootout,nbody_3,shootout/nbody_3,400076,220014,0
shootout,nbody_3,shootout/nbody_3,400076,220014,0
shootout,nbody_3,shootout/nbody_3,400076,220014,0
shootout,nbody_3,shootout/nbody_3,400076,220014,0
shootout,nbody_3,shootout/nbody_3,400076,220014,0
shootout,nbody_3,shootout/nbody_3,400076,220014,0
shootout,nbody_3,shootout/nbody_3,400076,220014,0
shootout,reversecomplement_naive,shootout/reversecomplement_naive,183482,10,0
shootout,reversecomplement_naive,shootout/reversecomplement_naive,183464,3,0
shootout,reversecomplement_naive,shootout/reversecomplement_naive,75068,3,19
shootout,reversecomplement_naive,shootout/reversecomplement_naive,75063,3,0
shootout,reversecomplement_naive,shootout/reversecomplement_naive,75063,3,0
shootout,reversecomplement_naive,shootout/reversecomplement_naive,75063,3,0
shootout,reversecomplement_naive,shootout/reversecomplement_naive,75063,3,0
shootout,reversecomplement_naive,shootout/reversecomplement_naive,75063,3,0
shootout,reversecomplement_naive,shootout/reversecomplement_naive,75063,3,0
shootout,reversecomplement_naive,shootout/reversecomplement_naive,75063,3,0
shootout,reversecomplement_naive,shootout/reversecomplement_naive,75063,3,0
shootout,reversecomplement_naive,shootout/reversecomplement_naive,75063,3,0
shootout,reversecomplement_naive,shootout/reversecomplement_naive,75063,3,0
shootout,reversecomplement_naive,shootout/reversecomplement_naive,75063,3,0
shootout,reversecomplement_naive,shootout/reversecomplement_naive,75063,3,0
are-we-fast-r,Mandelbrot,are-we-fast-r/Mandelbrot,564039,8,0
are-we-fast-r,Mandelbrot,are-we-fast-r/Mandelbrot,564033,2,0
are-we-fast-r,Mandelbrot,are-we-fast-r/Mandelbrot,29,2,11
are-we-fast-r,Mandelbrot,are-we-fast-r/Mandelbrot,29,2,7
are-we-fast-r,Mandelbrot,are-we-fast-r/Mandelbrot,29,2,0
are-we-fast-r,Mandelbrot,are-we-fast-r/Mandelbrot,29,2,0
are-we-fast-r,Mandelbrot,are-we-fast-r/Mandelbrot,29,2,0
are-we-fast-r,Mandelbrot,are-we-fast-r/Mandelbrot,29,2,0
are-we-fast-r,Mandelbrot,are-we-fast-r/Mandelbrot,29,2,0
are-we-fast-r,Mandelbrot,are-we-fast-r/Mandelbrot,29,2,0
are-we-fast-r,Mandelbrot,are-we-fast-r/Mandelbrot,29,2,0
are-we-fast-r,Mandelbrot,are-we-fast-r/Mandelbrot,29,2,0
are-we-fast-r,Mandelbrot,are-we-fast-r/Mandelbrot,29,2,0
are-we-fast-r,Mandelbrot,are-we-fast-r/Mandelbrot,29,2,0
are-we-fast-r,Mandelbrot,are-we-fast-r/Mandelbrot,29,2,0
shootout_annotations,fasta_3_strict,shootout_annotations/fasta_3_strict,716091,4,0
shootout_annotations,fasta_3_strict,shootout_annotations/fasta_3_strict,28079,2,11
shootout_annotations,fasta_3_strict,shootout_annotations/fasta_3_strict,10037,2,52
shootout_annotations,fasta_3_strict,shootout_annotations/fasta_3_strict,10025,2,0
shootout_annotations,fasta_3_strict,shootout_annotations/fasta_3_strict,10025,2,0
shootout_annotations,fasta_3_strict,shootout_annotations/fasta_3_strict,10025,2,0
shootout_annotations,fasta_3_strict,shootout_annotations/fasta_3_strict,10025,2,0
shootout_annotations,fasta_3_strict,shootout_annotations/fasta_3_strict,10025,2,0
shootout_annotations,fasta_3_strict,shootout_annotations/fasta_3_strict,10025,2,0
shootout_annotations,fasta_3_strict,shootout_annotations/fasta_3_strict,10025,2,0
shootout_annotations,fasta_3_strict,shootout_annotations/fasta_3_strict,10025,2,0
shootout_annotations,fasta_3_strict,shootout_annotations/fasta_3_strict,10025,2,0
shootout_annotations,fasta_3_strict,shootout_annotations/fasta_3_strict,10025,2,0
shootout_annotations,fasta_3_strict,shootout_annotations/fasta_3_strict,10025,2,0
shootout_annotations,fasta_3_strict,shootout_annotations/fasta_3_strict,10025,2,0
shootout,spectralnorm_alt,shootout/spectralnorm_alt,192,32,15
shootout,spectralnorm_alt,shootout/spectralnorm_alt,141,20,9
shootout,spectralnorm_alt,shootout/spectralnorm_alt,112,20,25
shootout,spectralnorm_alt,shootout/spectralnorm_alt,112,20,0
shootout,spectralnorm_alt,shootout/spectralnorm_alt,112,20,0
shootout,spectralnorm_alt,shootout/spectralnorm_alt,112,20,0
shootout,spectralnorm_alt,shootout/spectralnorm_alt,112,20,0
shootout,spectralnorm_alt,shootout/spectralnorm_alt,112,20,0
shootout,spectralnorm_alt,shootout/spectralnorm_alt,112,20,0
shootout,spectralnorm_alt,shootout/spectralnorm_alt,112,20,0
shootout,spectralnorm_alt,shootout/spectralnorm_alt,112,20,0
shootout,spectralnorm_alt,shootout/spectralnorm_alt,112,20,0
shootout,spectralnorm_alt,shootout/spectralnorm_alt,112,20,0
shootout,spectralnorm_alt,shootout/spectralnorm_alt,112,20,0
shootout,spectralnorm_alt,shootout/spectralnorm_alt,112,20,0
real_thing,convolution_v,real_thing/convolution_v,236,12,0
real_thing,convolution_v,real_thing/convolution_v,173,2,0
real_thing,convolution_v,real_thing/convolution_v,163,2,7
real_thing,convolution_v,real_thing/convolution_v,163,2,0
real_thing,convolution_v,real_thing/convolution_v,163,2,0
real_thing,convolution_v,real_thing/convolution_v,163,2,0
real_thing,convolution_v,real_thing/convolution_v,163,2,0
real_thing,convolution_v,real_thing/convolution_v,163,2,0
real_thing,convolution_v,real_thing/convolution_v,163,2,0
real_thing,convolution_v,real_thing/convolution_v,163,2,0
real_thing,convolution_v,real_thing/convolution_v,163,2,0
real_thing,convolution_v,real_thing/convolution_v,163,2,0
real_thing,convolution_v,real_thing/convolution_v,163,2,0
real_thing,convolution_v,real_thing/convolution_v,163,2,0
real_thing,convolution_v,real_thing/convolution_v,163,2,0
real_thing_annotations,flexclust_strict,real_thing_annotations/flexclust_strict,16115119,2428685,108
real_thing_annotations,flexclust_strict,real_thing_annotations/flexclust_strict,16111880,2428045,50
real_thing_annotations,flexclust_strict,real_thing_annotations/flexclust_strict,16111368,2428045,234
real_thing_annotations,flexclust_strict,real_thing_annotations/flexclust_strict,16111312,2428045,91
real_thing_annotations,flexclust_strict,real_thing_annotations/flexclust_strict,16111312,2428045,12
real_thing_annotations,flexclust_strict,real_thing_annotations/flexclust_strict,16111312,2428045,10
real_thing_annotations,flexclust_strict,real_thing_annotations/flexclust_strict,16111312,2428045,10
real_thing_annotations,flexclust_strict,real_thing_annotations/flexclust_strict,16111312,2428045,10
real_thing_annotations,flexclust_strict,real_thing_annotations/flexclust_strict,16111312,2428045,10
real_thing_annotations,flexclust_strict,real_thing_annotations/flexclust_strict,16111312,2428045,10
real_thing_annotations,flexclust_strict,real_thing_annotations/flexclust_strict,16111312,2428045,10
real_thing_annotations,flexclust_strict,real_thing_annotations/flexclust_strict,16111312,2428045,10
real_thing_annotations,flexclust_strict,real_thing_annotations/flexclust_strict,16111312,2428045,10
real_thing_annotations,flexclust_strict,real_thing_annotations/flexclust_strict,16111312,2428045,10
real_thing_annotations,flexclust_strict,real_thing_annotations/flexclust_strict,16111312,2428045,10
shootout,fastaredux_naive,shootout/fastaredux_naive,184099,4,0
shootout,fastaredux_naive,shootout/fastaredux_naive,77422,2,3
shootout,fastaredux_naive,shootout/fastaredux_naive,53380,2,24
shootout,fastaredux_naive,shootout/fastaredux_naive,53368,2,0
shootout,fastaredux_naive,shootout/fastaredux_naive,53368,2,0
shootout,fastaredux_naive,shootout/fastaredux_naive,53368,2,0
shootout,fastaredux_naive,shootout/fastaredux_naive,53368,2,0
shootout,fastaredux_naive,shootout/fastaredux_naive,53368,2,0
shootout,fastaredux_naive,shootout/fastaredux_naive,53368,2,0
shootout,fastaredux_naive,shootout/fastaredux_naive,53368,2,0
shootout,fastaredux_naive,shootout/fastaredux_naive,53368,2,0
shootout,fastaredux_naive,shootout/fastaredux_naive,53368,2,0
shootout,fastaredux_naive,shootout/fastaredux_naive,53368,2,0
shootout,fastaredux_naive,shootout/fastaredux_naive,53368,2,0
shootout,fastaredux_naive,shootout/fastaredux_naive,53368,2,0
shootout,spectralnorm,shootout/spectralnorm,11534475,14,7
shootout,spectralnorm,shootout/spectralnorm,11534457,7,12
shootout,spectralnorm,shootout/spectralnorm,5767241,7,52
shootout,spectralnorm,shootout/spectralnorm,39,7,0
shootout,spectralnorm,shootout/spectralnorm,39,7,0
shootout,spectralnorm,shootout/spectralnorm,39,7,0
shootout,spectralnorm,shootout/spectralnorm,39,7,0
shootout,spectralnorm,shootout/spectralnorm,39,7,0
shootout,spectralnorm,shootout/spectralnorm,39,7,0
shootout,spectralnorm,shootout/spectralnorm,39,7,0
shootout,spectralnorm,shootout/spectralnorm,39,7,0
shootout,spectralnorm,shootout/spectralnorm,39,7,0
shootout,spectralnorm,shootout/spectralnorm,39,7,0
shootout,spectralnorm,shootout/spectralnorm,39,7,0
shootout,spectralnorm,shootout/spectralnorm,39,7,0
simple,super-while,simple/super-while,29,8,0
simple,super-while,simple/super-while,26,2,0
simple,super-while,simple/super-while,22,2,4
simple,super-while,simple/super-while,22,2,0
simple,super-while,simple/super-while,22,2,0
simple,super-while,simple/super-while,22,2,0
simple,super-while,simple/super-while,22,2,0
simple,super-while,simple/super-while,22,2,0
simple,super-while,simple/super-while,22,2,0
simple,super-while,simple/super-while,22,2,0
simple,super-while,simple/super-while,22,2,0
simple,super-while,simple/super-while,22,2,0
simple,super-while,simple/super-while,22,2,0
simple,super-while,simple/super-while,22,2,0
simple,super-while,simple/super-while,22,2,0
simple,profiler-microbenchmark,simple/profiler-microbenchmark,45,22,0
simple,profiler-microbenchmark,simple/profiler-microbenchmark,39,13,0
simple,profiler-microbenchmark,simple/profiler-microbenchmark,35,13,4
simple,profiler-microbenchmark,simple/profiler-microbenchmark,35,13,0
simple,profiler-microbenchmark,simple/profiler-microbenchmark,35,13,0
simple,profiler-microbenchmark,simple/profiler-microbenchmark,35,13,0
simple,profiler-microbenchmark,simple/profiler-microbenchmark,35,13,0
simple,profiler-microbenchmark,simple/profiler-microbenchmark,35,13,0
simple,profiler-microbenchmark,simple/profiler-microbenchmark,35,13,0
simple,profiler-microbenchmark,simple/profiler-microbenchmark,35,13,0
simple,profiler-microbenchmark,simple/profiler-microbenchmark,35,13,0
simple,profiler-microbenchmark,simple/profiler-microbenchmark,35,13,0
simple,profiler-microbenchmark,simple/profiler-microbenchmark,35,13,0
simple,profiler-microbenchmark,simple/profiler-microbenchmark,35,13,0
simple,profiler-microbenchmark,simple/profiler-microbenchmark,35,13,0
shootout,spectralnorm_alt_2,shootout/spectralnorm_alt_2,1667,539,22
shootout,spectralnorm_alt_2,shootout/spectralnorm_alt_2,1624,527,0
shootout,spectralnorm_alt_2,shootout/spectralnorm_alt_2,1607,527,10
shootout,spectralnorm_alt_2,shootout/spectralnorm_alt_2,1603,527,7
shootout,spectralnorm_alt_2,shootout/spectralnorm_alt_2,1603,527,0
shootout,spectralnorm_alt_2,shootout/spectralnorm_alt_2,1603,527,0
shootout,spectralnorm_alt_2,shootout/spectralnorm_alt_2,1603,527,0
shootout,spectralnorm_alt_2,shootout/spectralnorm_alt_2,1603,527,0
shootout,spectralnorm_alt_2,shootout/spectralnorm_alt_2,1603,527,0
shootout,spectralnorm_alt_2,shootout/spectralnorm_alt_2,1603,527,0
shootout,spectralnorm_alt_2,shootout/spectralnorm_alt_2,1603,527,0
shootout,spectralnorm_alt_2,shootout/spectralnorm_alt_2,1603,527,0
shootout,spectralnorm_alt_2,shootout/spectralnorm_alt_2,1603,527,0
shootout,spectralnorm_alt_2,shootout/spectralnorm_alt_2,1603,527,0
shootout,spectralnorm_alt_2,shootout/spectralnorm_alt_2,1603,527,0
simple,vector-for,simple/vector-for,31,8,0
simple,vector-for,simple/vector-for,28,2,0
simple,vector-for,simple/vector-for,22,2,5
simple,vector-for,simple/vector-for,22,2,0
simple,vector-for,simple/vector-for,22,2,0
simple,vector-for,simple/vector-for,22,2,0
simple,vector-for,simple/vector-for,22,2,0
simple,vector-for,simple/vector-for,22,2,0
simple,vector-for,simple/vector-for,22,2,0
simple,vector-for,simple/vector-for,22,2,0
simple,vector-for,simple/vector-for,22,2,0
simple,vector-for,simple/vector-for,22,2,0
simple,vector-for,simple/vector-for,22,2,0
simple,vector-for,simple/vector-for,22,2,0
simple,vector-for,simple/vector-for,22,2,0
shootout,fasta,shootout/fasta,836129,32004,4
shootout,fasta,shootout/fasta,276079,32002,5
shootout,fasta,shootout/fasta,258044,32002,20
shootout,fasta,shootout/fasta,258032,32002,0
shootout,fasta,shootout/fasta,258032,32002,0
shootout,fasta,shootout/fasta,258032,32002,0
shootout,fasta,shootout/fasta,258032,32002,0
shootout,fasta,shootout/fasta,258032,32002,0
shootout,fasta,shootout/fasta,258032,32002,0
shootout,fasta,shootout/fasta,258032,32002,0
shootout,fasta,shootout/fasta,258032,32002,0
shootout,fasta,shootout/fasta,258032,32002,0
shootout,fasta,shootout/fasta,258032,32002,0
shootout,fasta,shootout/fasta,258032,32002,0
shootout,fasta,shootout/fasta,258032,32002,0
are-we-fast-r,Bounce_nonames_simple,are-we-fast-r/Bounce_nonames_simple,192131,4,20
are-we-fast-r,Bounce_nonames_simple,are-we-fast-r/Bounce_nonames_simple,190989,2,0
are-we-fast-r,Bounce_nonames_simple,are-we-fast-r/Bounce_nonames_simple,190985,2,4
are-we-fast-r,Bounce_nonames_simple,are-we-fast-r/Bounce_nonames_simple,190985,2,0
are-we-fast-r,Bounce_nonames_simple,are-we-fast-r/Bounce_nonames_simple,190985,2,0
are-we-fast-r,Bounce_nonames_simple,are-we-fast-r/Bounce_nonames_simple,190985,2,0
are-we-fast-r,Bounce_nonames_simple,are-we-fast-r/Bounce_nonames_simple,190985,2,0
are-we-fast-r,Bounce_nonames_simple,are-we-fast-r/Bounce_nonames_simple,190985,2,0
are-we-fast-r,Bounce_nonames_simple,are-we-fast-r/Bounce_nonames_simple,190985,2,0
are-we-fast-r,Bounce_nonames_simple,are-we-fast-r/Bounce_nonames_simple,190985,2,0
are-we-fast-r,Bounce_nonames_simple,are-we-fast-r/Bounce_nonames_simple,190985,2,0
are-we-fast-r,Bounce_nonames_simple,are-we-fast-r/Bounce_nonames_simple,190985,2,0
are-we-fast-r,Bounce_nonames_simple,are-we-fast-r/Bounce_nonames_simple,190985,2,0
are-we-fast-r,Bounce_nonames_simple,are-we-fast-r/Bounce_nonames_simple,190985,2,0
are-we-fast-r,Bounce_nonames_simple,are-we-fast-r/Bounce_nonames_simple,190985,2,0
shootout,nbody_2,shootout/nbody_2,252253,132026,13
shootout,nbody_2,shootout/nbody_2,252102,132014,11
shootout,nbody_2,shootout/nbody_2,240076,132014,31
shootout,nbody_2,shootout/nbody_2,240076,132014,0
shootout,nbody_2,shootout/nbody_2,240076,132014,0
shootout,nbody_2,shootout/nbody_2,240076,132014,0
shootout,nbody_2,shootout/nbody_2,240076,132014,0
shootout,nbody_2,shootout/nbody_2,240076,132014,0
shootout,nbody_2,shootout/nbody_2,240076,132014,0
shootout,nbody_2,shootout/nbody_2,240076,132014,0
shootout,nbody_2,shootout/nbody_2,240076,132014,0
shootout,nbody_2,shootout/nbody_2,240076,132014,0
shootout,nbody_2,shootout/nbody_2,240076,132014,0
shootout,nbody_2,shootout/nbody_2,240076,132014,0
shootout,nbody_2,shootout/nbody_2,240076,132014,0
are-we-fast-r,Bounce_nonames,are-we-fast-r/Bounce_nonames,192131,4,9
are-we-fast-r,Bounce_nonames,are-we-fast-r/Bounce_nonames,190989,2,0
are-we-fast-r,Bounce_nonames,are-we-fast-r/Bounce_nonames,190985,2,4
are-we-fast-r,Bounce_nonames,are-we-fast-r/Bounce_nonames,190985,2,0
are-we-fast-r,Bounce_nonames,are-we-fast-r/Bounce_nonames,190985,2,0
are-we-fast-r,Bounce_nonames,are-we-fast-r/Bounce_nonames,190985,2,0
are-we-fast-r,Bounce_nonames,are-we-fast-r/Bounce_nonames,190985,2,0
are-we-fast-r,Bounce_nonames,are-we-fast-r/Bounce_nonames,190985,2,0
are-we-fast-r,Bounce_nonames,are-we-fast-r/Bounce_nonames,190985,2,0
are-we-fast-r,Bounce_nonames,are-we-fast-r/Bounce_nonames,190985,2,0
are-we-fast-r,Bounce_nonames,are-we-fast-r/Bounce_nonames,190985,2,0
are-we-fast-r,Bounce_nonames,are-we-fast-r/Bounce_nonames,190985,2,0
are-we-fast-r,Bounce_nonames,are-we-fast-r/Bounce_nonames,190985,2,0
are-we-fast-r,Bounce_nonames,are-we-fast-r/Bounce_nonames,190985,2,0
are-we-fast-r,Bounce_nonames,are-we-fast-r/Bounce_nonames,190985,2,0
simple,profiler-shared,simple/profiler-shared,20000125,57,6
simple,profiler-shared,simple/profiler-shared,20000119,48,6
simple,profiler-shared,simple/profiler-shared,20000110,48,12
simple,profiler-shared,simple/profiler-shared,20000110,48,6
simple,profiler-shared,simple/profiler-shared,20000110,48,6
simple,profiler-shared,simple/profiler-shared,20000110,48,6
simple,profiler-shared,simple/profiler-shared,20000110,48,6
simple,profiler-shared,simple/profiler-shared,20000110,48,6
simple,profiler-shared,simple/profiler-shared,20000110,48,6
simple,profiler-shared,simple/profiler-shared,20000110,48,6
simple,profiler-shared,simple/profiler-shared,20000110,48,6
simple,profiler-shared,simple/profiler-shared,20000110,48,6
simple,profiler-shared,simple/profiler-shared,20000110,48,6
simple,profiler-shared,simple/profiler-shared,20000110,48,6
simple,profiler-shared,simple/profiler-shared,20000110,48,6
simple,scalar-for,simple/scalar-for,29,8,0
simple,scalar-for,simple/scalar-for,26,2,0
simple,scalar-for,simple/scalar-for,22,2,4
simple,scalar-for,simple/scalar-for,22,2,0
simple,scalar-for,simple/scalar-for,22,2,0
simple,scalar-for,simple/scalar-for,22,2,0
simple,scalar-for,simple/scalar-for,22,2,0
simple,scalar-for,simple/scalar-for,22,2,0
simple,scalar-for,simple/scalar-for,22,2,0
simple,scalar-for,simple/scalar-for,22,2,0
simple,scalar-for,simple/scalar-for,22,2,0
simple,scalar-for,simple/scalar-for,22,2,0
simple,scalar-for,simple/scalar-for,22,2,0
simple,scalar-for,simple/scalar-for,22,2,0
simple,scalar-for,simple/scalar-for,22,2,0
shootout_annotations,spectralnorm_alt_3_strict,shootout_annotations/spectralnorm_alt_3_strict,500304,63,15
shootout_annotations,spectralnorm_alt_3_strict,shootout_annotations/spectralnorm_alt_3_strict,500217,51,13
shootout_annotations,spectralnorm_alt_3_strict,shootout_annotations/spectralnorm_alt_3_strict,500196,51,39
shootout_annotations,spectralnorm_alt_3_strict,shootout_annotations/spectralnorm_alt_3_strict,500196,51,13
shootout_annotations,spectralnorm_alt_3_strict,shootout_annotations/spectralnorm_alt_3_strict,500196,51,13
shootout_annotations,spectralnorm_alt_3_strict,shootout_annotations/spectralnorm_alt_3_strict,500196,51,13
shootout_annotations,spectralnorm_alt_3_strict,shootout_annotations/spectralnorm_alt_3_strict,500196,51,13
shootout_annotations,spectralnorm_alt_3_strict,shootout_annotations/spectralnorm_alt_3_strict,500196,51,13
shootout_annotations,spectralnorm_alt_3_strict,shootout_annotations/spectralnorm_alt_3_strict,500196,51,13
shootout_annotations,spectralnorm_alt_3_strict,shootout_annotations/spectralnorm_alt_3_strict,500196,51,13
shootout_annotations,spectralnorm_alt_3_strict,shootout_annotations/spectralnorm_alt_3_strict,500196,51,13
shootout_annotations,spectralnorm_alt_3_strict,shootout_annotations/spectralnorm_alt_3_strict,500196,51,13
shootout_annotations,spectralnorm_alt_3_strict,shootout_annotations/spectralnorm_alt_3_strict,500196,51,13
shootout_annotations,spectralnorm_alt_3_strict,shootout_annotations/spectralnorm_alt_3_strict,500196,51,13
shootout_annotations,spectralnorm_alt_3_strict,shootout_annotations/spectralnorm_alt_3_strict,500196,51,13
shootout,nbody_naive_2,shootout/nbody_naive_2,20286,26,9
shootout,nbody_naive_2,shootout/nbody_naive_2,20102,14,11
shootout,nbody_naive_2,shootout/nbody_naive_2,76,14,23
shootout,nbody_naive_2,shootout/nbody_naive_2,76,14,0
shootout,nbody_naive_2,shootout/nbody_naive_2,76,14,0
shootout,nbody_naive_2,shootout/nbody_naive_2,76,14,0
shootout,nbody_naive_2,shootout/nbody_naive_2,76,14,0
shootout,nbody_naive_2,shootout/nbody_naive_2,76,14,0
shootout,nbody_naive_2,shootout/nbody_naive_2,76,14,0
shootout,nbody_naive_2,shootout/nbody_naive_2,76,14,0
shootout,nbody_naive_2,shootout/nbody_naive_2,76,14,0
shootout,nbody_naive_2,shootout/nbody_naive_2,76,14,0
shootout,nbody_naive_2,shootout/nbody_naive_2,76,14,0
shootout,nbody_naive_2,shootout/nbody_naive_2,76,14,0
shootout,nbody_naive_2,shootout/nbody_naive_2,76,14,0
are-we-fast-r,Storage,are-we-fast-r/Storage,1093270,4,1
are-we-fast-r,Storage,are-we-fast-r/Storage,1092333,2,0
are-we-fast-r,Storage,are-we-fast-r/Storage,1092325,2,4
are-we-fast-r,Storage,are-we-fast-r/Storage,1092325,2,0
are-we-fast-r,Storage,are-we-fast-r/Storage,1092325,2,0
are-we-fast-r,Storage,are-we-fast-r/Storage,1092325,2,0
are-we-fast-r,Storage,are-we-fast-r/Storage,1092325,2,0
are-we-fast-r,Storage,are-we-fast-r/Storage,1092325,2,0
are-we-fast-r,Storage,are-we-fast-r/Storage,1092325,2,0
are-we-fast-r,Storage,are-we-fast-r/Storage,1092325,2,0
are-we-fast-r,Storage,are-we-fast-r/Storage,1092325,2,0
are-we-fast-r,Storage,are-we-fast-r/Storage,1092325,2,0
are-we-fast-r,Storage,are-we-fast-r/Storage,1092325,2,0
are-we-fast-r,Storage,are-we-fast-r/Storage,1092325,2,0
are-we-fast-r,Storage,are-we-fast-r/Storage,1092325,2,0
shootout,binarytrees_2,shootout/binarytrees_2,301544,39,0
shootout,binarytrees_2,shootout/binarytrees_2,300950,31,0
shootout,binarytrees_2,shootout/binarytrees_2,300885,31,16
shootout,binarytrees_2,shootout/binarytrees_2,300885,31,0
shootout,binarytrees_2,shootout/binarytrees_2,300885,31,0
shootout,binarytrees_2,shootout/binarytrees_2,300885,31,0
shootout,binarytrees_2,shootout/binarytrees_2,300885,31,0
shootout,binarytrees_2,shootout/binarytrees_2,300885,31,0
shootout,binarytrees_2,shootout/binarytrees_2,300885,31,0
shootout,binarytrees_2,shootout/binarytrees_2,300885,31,0
shootout,binarytrees_2,shootout/binarytrees_2,300885,31,0
shootout,binarytrees_2,shootout/binarytrees_2,300885,31,0
shootout,binarytrees_2,shootout/binarytrees_2,300885,31,0
shootout,binarytrees_2,shootout/binarytrees_2,300885,31,0
shootout,binarytrees_2,shootout/binarytrees_2,300885,31,0
real_thing,convolution,real_thing/convolution,82,8,1
real_thing,convolution,real_thing/convolution,63,2,0
real_thing,convolution,real_thing/convolution,53,2,8
real_thing,convolution,real_thing/convolution,53,2,0
real_thing,convolution,real_thing/convolution,53,2,0
real_thing,convolution,real_thing/convolution,53,2,0
real_thing,convolution,real_thing/convolution,53,2,0
real_thing,convolution,real_thing/convolution,53,2,0
real_thing,convolution,real_thing/convolution,53,2,0
real_thing,convolution,real_thing/convolution,53,2,0
real_thing,convolution,real_thing/convolution,53,2,0
real_thing,convolution,real_thing/convolution,53,2,0
real_thing,convolution,real_thing/convolution,53,2,0
real_thing,convolution,real_thing/convolution,53,2,0
real_thing,convolution,real_thing/convolution,53,2,0
shootout_annotations,binarytrees_2_strict,shootout_annotations/binarytrees_2_strict,202153,39,31
shootout_annotations,binarytrees_2_strict,shootout_annotations/binarytrees_2_strict,200922,31,0
shootout_annotations,binarytrees_2_strict,shootout_annotations/binarytrees_2_strict,200855,31,51
shootout_annotations,binarytrees_2_strict,shootout_annotations/binarytrees_2_strict,200855,31,0
shootout_annotations,binarytrees_2_strict,shootout_annotations/binarytrees_2_strict,200855,31,0
shootout_annotations,binarytrees_2_strict,shootout_annotations/binarytrees_2_strict,200855,31,2
shootout_annotations,binarytrees_2_strict,shootout_annotations/binarytrees_2_strict,200855,31,0
shootout_annotations,binarytrees_2_strict,shootout_annotations/binarytrees_2_strict,200855,31,0
shootout_annotations,binarytrees_2_strict,shootout_annotations/binarytrees_2_strict,200855,31,0
shootout_annotations,binarytrees_2_strict,shootout_annotations/binarytrees_2_strict,200855,31,0
shootout_annotations,binarytrees_2_strict,shootout_annotations/binarytrees_2_strict,200855,31,0
shootout_annotations,binarytrees_2_strict,shootout_annotations/binarytrees_2_strict,200855,31,0
shootout_annotations,binarytrees_2_strict,shootout_annotations/binarytrees_2_strict,200855,31,0
shootout_annotations,binarytrees_2_strict,shootout_annotations/binarytrees_2_strict,200855,31,0
shootout_annotations,binarytrees_2_strict,shootout_annotations/binarytrees_2_strict,200855,31,0
shootout,knucleotide,shootout/knucleotide,1130970,50,20
shootout,knucleotide,shootout/knucleotide,1010844,43,10
shootout,knucleotide,shootout/knucleotide,1008919,43,32
shootout,knucleotide,shootout/knucleotide,1008907,43,3
shootout,knucleotide,shootout/knucleotide,1008907,43,0
shootout,knucleotide,shootout/knucleotide,1008907,43,0
shootout,knucleotide,shootout/knucleotide,1008907,43,0
shootout,knucleotide,shootout/knucleotide,1008907,43,0
shootout,knucleotide,shootout/knucleotide,1008907,43,0
shootout,knucleotide,shootout/knucleotide,1008907,43,0
shootout,knucleotide,shootout/knucleotide,1008907,43,0
shootout,knucleotide,shootout/knucleotide,1008907,43,0
shootout,knucleotide,shootout/knucleotide,1008907,43,0
shootout,knucleotide,shootout/knucleotide,1008907,43,0
shootout,knucleotide,shootout/knucleotide,1008907,43,0
real_thing,flexclust_no_s4,real_thing/flexclust_no_s4,13239147,3970237,56
real_thing,flexclust_no_s4,real_thing/flexclust_no_s4,15884869,2426646,7
real_thing,flexclust_no_s4,real_thing/flexclust_no_s4,15884557,2426646,93
real_thing,flexclust_no_s4,real_thing/flexclust_no_s4,15884497,2426646,59
real_thing,flexclust_no_s4,real_thing/flexclust_no_s4,15884495,2426646,2
real_thing,flexclust_no_s4,real_thing/flexclust_no_s4,15884469,2426646,15
real_thing,flexclust_no_s4,real_thing/flexclust_no_s4,15884445,2426646,0
real_thing,flexclust_no_s4,real_thing/flexclust_no_s4,15884445,2426646,0
real_thing,flexclust_no_s4,real_thing/flexclust_no_s4,15884445,2426646,0
real_thing,flexclust_no_s4,real_thing/flexclust_no_s4,15884445,2426646,0
real_thing,flexclust_no_s4,real_thing/flexclust_no_s4,15884445,2426646,0
real_thing,flexclust_no_s4,real_thing/flexclust_no_s4,15884445,2426646,0
real_thing,flexclust_no_s4,real_thing/flexclust_no_s4,15884445,2426646,0
real_thing,flexclust_no_s4,real_thing/flexclust_no_s4,15884445,2426646,0
real_thing,flexclust_no_s4,real_thing/flexclust_no_s4,15884445,2426646,0
real_thing,flexclust,real_thing/flexclust,16115117,2428700,110
real_thing,flexclust,real_thing/flexclust,16111886,2428045,52
real_thing,flexclust,real_thing/flexclust,16111621,2428045,139
real_thing,flexclust,real_thing/flexclust,16111573,2428045,63
real_thing,flexclust,real_thing/flexclust,16111573,2428045,10
real_thing,flexclust,real_thing/flexclust,16111338,2428045,52
real_thing,flexclust,real_thing/flexclust,16111338,2428045,10
real_thing,flexclust,real_thing/flexclust,16111338,2428045,10
real_thing,flexclust,real_thing/flexclust,16111338,2428045,10
real_thing,flexclust,real_thing/flexclust,16111338,2428045,10
real_thing,flexclust,real_thing/flexclust,16111338,2428045,10
real_thing,flexclust,real_thing/flexclust,16111338,2428045,10
real_thing,flexclust,real_thing/flexclust,16111338,2428045,10
real_thing,flexclust,real_thing/flexclust,16111338,2428045,10
real_thing,flexclust,real_thing/flexclust,16111338,2428045,10
shootout,regexdna,shootout/regexdna,385,10,0
shootout,regexdna,shootout/regexdna,357,3,0
shootout,regexdna,shootout/regexdna,193,3,24
shootout,regexdna,shootout/regexdna,181,3,0
shootout,regexdna,shootout/regexdna,181,3,0
shootout,regexdna,shootout/regexdna,181,3,0
shootout,regexdna,shootout/regexdna,181,3,0
shootout,regexdna,shootout/regexdna,181,3,0
shootout,regexdna,shootout/regexdna,181,3,0
shootout,regexdna,shootout/regexdna,181,3,0
shootout,regexdna,shootout/regexdna,181,3,0
shootout,regexdna,shootout/regexdna,181,3,0
shootout,regexdna,shootout/regexdna,181,3,0
shootout,regexdna,shootout/regexdna,181,3,0
shootout,regexdna,shootout/regexdna,181,3,0
shootout,reversecomplement_2,shootout/reversecomplement_2,325107,10,0
shootout,reversecomplement_2,shootout/reversecomplement_2,325089,3,0
shootout,reversecomplement_2,shootout/reversecomplement_2,150053,3,21
shootout,reversecomplement_2,shootout/reversecomplement_2,150043,3,0
shootout,reversecomplement_2,shootout/reversecomplement_2,150043,3,0
shootout,reversecomplement_2,shootout/reversecomplement_2,150043,3,0
shootout,reversecomplement_2,shootout/reversecomplement_2,150043,3,0
shootout,reversecomplement_2,shootout/reversecomplement_2,150043,3,0
shootout,reversecomplement_2,shootout/reversecomplement_2,150043,3,0
shootout,reversecomplement_2,shootout/reversecomplement_2,150043,3,0
shootout,reversecomplement_2,shootout/reversecomplement_2,150043,3,0
shootout,reversecomplement_2,shootout/reversecomplement_2,150043,3,0
shootout,reversecomplement_2,shootout/reversecomplement_2,150043,3,0
shootout,reversecomplement_2,shootout/reversecomplement_2,150043,3,0
shootout,reversecomplement_2,shootout/reversecomplement_2,150043,3,0
shootout_annotations,knucleotide_brute_strict,shootout_annotations/knucleotide_brute_strict,467214,69976,11
shootout_annotations,knucleotide_brute_strict,shootout_annotations/knucleotide_brute_strict,427081,69969,11
shootout_annotations,knucleotide_brute_strict,shootout_annotations/knucleotide_brute_strict,425157,69969,48
shootout_annotations,knucleotide_brute_strict,shootout_annotations/knucleotide_brute_strict,425145,69969,3
shootout_annotations,knucleotide_brute_strict,shootout_annotations/knucleotide_brute_strict,425145,69969,0
shootout_annotations,knucleotide_brute_strict,shootout_annotations/knucleotide_brute_strict,425145,69969,0
shootout_annotations,knucleotide_brute_strict,shootout_annotations/knucleotide_brute_strict,425145,69969,0
shootout_annotations,knucleotide_brute_strict,shootout_annotations/knucleotide_brute_strict,425145,69969,0
shootout_annotations,knucleotide_brute_strict,shootout_annotations/knucleotide_brute_strict,425145,69969,0
shootout_annotations,knucleotide_brute_strict,shootout_annotations/knucleotide_brute_strict,425145,69969,0
shootout_annotations,knucleotide_brute_strict,shootout_annotations/knucleotide_brute_strict,425145,69969,0
shootout_annotations,knucleotide_brute_strict,shootout_annotations/knucleotide_brute_strict,425145,69969,0
shootout_annotations,knucleotide_brute_strict,shootout_annotations/knucleotide_brute_strict,425145,69969,0
shootout_annotations,knucleotide_brute_strict,shootout_annotations/knucleotide_brute_strict,425145,69969,0
shootout_annotations,knucleotide_brute_strict,shootout_annotations/knucleotide_brute_strict,425145,69969,0
simple,lapply-dots,simple/lapply-dots,1000034,1000013,0
simple,lapply-dots,simple/lapply-dots,1000035,2,0
simple,lapply-dots,simple/lapply-dots,1000031,2,4
simple,lapply-dots,simple/lapply-dots,1000025,2,3
simple,lapply-dots,simple/lapply-dots,1000025,2,0
simple,lapply-dots,simple/lapply-dots,1000025,2,0
simple,lapply-dots,simple/lapply-dots,1000025,2,0
simple,lapply-dots,simple/lapply-dots,1000025,2,0
simple,lapply-dots,simple/lapply-dots,1000025,2,0
simple,lapply-dots,simple/lapply-dots,1000025,2,0
simple,lapply-dots,simple/lapply-dots,1000025,2,0
simple,lapply-dots,simple/lapply-dots,1000025,2,0
simple,lapply-dots,simple/lapply-dots,1000025,2,0
simple,lapply-dots,simple/lapply-dots,1000025,2,0
simple,lapply-dots,simple/lapply-dots,1000025,2,0
shootout,binarytrees,shootout/binarytrees,301502,28,0
shootout,binarytrees,shootout/binarytrees,300940,21,0
shootout,binarytrees,shootout/binarytrees,300875,21,16
shootout,binarytrees,shootout/binarytrees,300875,21,0
shootout,binarytrees,shootout/binarytrees,300875,21,0
shootout,binarytrees,shootout/binarytrees,300875,21,0
shootout,binarytrees,shootout/binarytrees,300875,21,0
shootout,binarytrees,shootout/binarytrees,300875,21,0
shootout,binarytrees,shootout/binarytrees,300875,21,0
shootout,binarytrees,shootout/binarytrees,300875,21,0
shootout,binarytrees,shootout/binarytrees,300875,21,0
shootout,binarytrees,shootout/binarytrees,300875,21,0
shootout,binarytrees,shootout/binarytrees,300875,21,0
shootout,binarytrees,shootout/binarytrees,300875,21,0
shootout,binarytrees,shootout/binarytrees,300875,21,0
simple,bytecodes,simple/bytecodes,29,8,0
simple,bytecodes,simple/bytecodes,26,2,0
simple,bytecodes,simple/bytecodes,22,2,4
simple,bytecodes,simple/bytecodes,22,2,0
simple,bytecodes,simple/bytecodes,22,2,0
simple,bytecodes,simple/bytecodes,22,2,0
simple,bytecodes,simple/bytecodes,22,2,0
simple,bytecodes,simple/bytecodes,22,2,0
simple,bytecodes,simple/bytecodes,22,2,0
simple,bytecodes,simple/bytecodes,22,2,0
simple,bytecodes,simple/bytecodes,22,2,0
simple,bytecodes,simple/bytecodes,22,2,0
simple,bytecodes,simple/bytecodes,22,2,0
simple,bytecodes,simple/bytecodes,22,2,0
simple,bytecodes,simple/bytecodes,22,2,0
shootout,nbody,shootout/nbody,1575386,400024,12
shootout,nbody,shootout/nbody,1575193,400022,8
shootout,nbody,shootout/nbody,1775147,400022,17
shootout,nbody,shootout/nbody,1775147,400022,0
shootout,nbody,shootout/nbody,1775147,400022,0
shootout,nbody,shootout/nbody,1775147,400022,0
shootout,nbody,shootout/nbody,1775147,400022,0
shootout,nbody,shootout/nbody,1775147,400022,0
shootout,nbody,shootout/nbody,1775147,400022,0
shootout,nbody,shootout/nbody,1775147,400022,0
shootout,nbody,shootout/nbody,1775147,400022,0
shootout,nbody,shootout/nbody,1775147,400022,0
shootout,nbody,shootout/nbody,1775147,400022,0
shootout,nbody,shootout/nbody,1775147,400022,0
shootout,nbody,shootout/nbody,1775147,400022,0
shootout,fannkuchredux,shootout/fannkuchredux,2314784,4,0
shootout,fannkuchredux,shootout/fannkuchredux,2314768,2,0
shootout,fannkuchredux,shootout/fannkuchredux,30,2,18
shootout,fannkuchredux,shootout/fannkuchredux,30,2,0
shootout,fannkuchredux,shootout/fannkuchredux,30,2,0
shootout,fannkuchredux,shootout/fannkuchredux,30,2,0
shootout,fannkuchredux,shootout/fannkuchredux,30,2,0
shootout,fannkuchredux,shootout/fannkuchredux,30,2,0
shootout,fannkuchredux,shootout/fannkuchredux,30,2,0
shootout,fannkuchredux,shootout/fannkuchredux,30,2,0
shootout,fannkuchredux,shootout/fannkuchredux,30,2,0
shootout,fannkuchredux,shootout/fannkuchredux,30,2,0
shootout,fannkuchredux,shootout/fannkuchredux,30,2,0
shootout,fannkuchredux,shootout/fannkuchredux,30,2,0
shootout,fannkuchredux,shootout/fannkuchredux,30,2,0
shootout,fasta_naive_2,shootout/fasta_naive_2,824095,4,0
shootout,fasta_naive_2,shootout/fasta_naive_2,77422,2,1
shootout,fasta_naive_2,shootout/fasta_naive_2,53380,2,22
shootout,fasta_naive_2,shootout/fasta_naive_2,53368,2,0
shootout,fasta_naive_2,shootout/fasta_naive_2,53368,2,0
shootout,fasta_naive_2,shootout/fasta_naive_2,53368,2,0
shootout,fasta_naive_2,shootout/fasta_naive_2,53368,2,0
shootout,fasta_naive_2,shootout/fasta_naive_2,53368,2,0
shootout,fasta_naive_2,shootout/fasta_naive_2,53368,2,0
shootout,fasta_naive_2,shootout/fasta_naive_2,53368,2,0
shootout,fasta_naive_2,shootout/fasta_naive_2,53368,2,0
shootout,fasta_naive_2,shootout/fasta_naive_2,53368,2,0
shootout,fasta_naive_2,shootout/fasta_naive_2,53368,2,0
shootout,fasta_naive_2,shootout/fasta_naive_2,53368,2,0
shootout,fasta_naive_2,shootout/fasta_naive_2,53368,2,0
shootout,pidigits,shootout/pidigits,123413,73725,116
shootout,pidigits,shootout/pidigits,122892,73718,11
shootout,pidigits,shootout/pidigits,122086,73718,87
shootout,pidigits,shootout/pidigits,122070,73718,3
shootout,pidigits,shootout/pidigits,122059,73718,11
shootout,pidigits,shootout/pidigits,122059,73718,0
shootout,pidigits,shootout/pidigits,122059,73718,0
shootout,pidigits,shootout/pidigits,122059,73718,0
shootout,pidigits,shootout/pidigits,122059,73718,0
shootout,pidigits,shootout/pidigits,122059,73718,0
shootout,pidigits,shootout/pidigits,122059,73718,0
shootout,pidigits,shootout/pidigits,122059,73718,0
shootout,pidigits,shootout/pidigits,122059,73718,0
shootout,pidigits,shootout/pidigits,122059,73718,0
shootout,pidigits,shootout/pidigits,122059,73718,0
shootout_annotations,pidigits_strict,shootout_annotations/pidigits_strict,119688,75815,423
shootout_annotations,pidigits_strict,shootout_annotations/pidigits_strict,118730,75808,10
shootout_annotations,pidigits_strict,shootout_annotations/pidigits_strict,115788,75808,248
shootout_annotations,pidigits_strict,shootout_annotations/pidigits_strict,115788,75808,15
shootout_annotations,pidigits_strict,shootout_annotations/pidigits_strict,115788,75808,0
shootout_annotations,pidigits_strict,shootout_annotations/pidigits_strict,115788,75808,0
shootout_annotations,pidigits_strict,shootout_annotations/pidigits_strict,115788,75808,0
shootout_annotations,pidigits_strict,shootout_annotations/pidigits_strict,115788,75808,0
shootout_annotations,pidigits_strict,shootout_annotations/pidigits_strict,115788,75808,0
shootout_annotations,pidigits_strict,shootout_annotations/pidigits_strict,115788,75808,0
shootout_annotations,pidigits_strict,shootout_annotations/pidigits_strict,115788,75808,0
shootout_annotations,pidigits_strict,shootout_annotations/pidigits_strict,115788,75808,0
shootout_annotations,pidigits_strict,shootout_annotations/pidigits_strict,115788,75808,0
shootout_annotations,pidigits_strict,shootout_annotations/pidigits_strict,115788,75808,0
shootout_annotations,pidigits_strict,shootout_annotations/pidigits_strict,115788,75808,0
shootout,nbody_naive,shootout/nbody_naive,20363,24,6
shootout,nbody_naive,shootout/nbody_naive,20203,22,10
shootout,nbody_naive,shootout/nbody_naive,152,22,29
shootout,nbody_naive,shootout/nbody_naive,152,22,0
shootout,nbody_naive,shootout/nbody_naive,152,22,0
shootout,nbody_naive,shootout/nbody_naive,152,22,0
shootout,nbody_naive,shootout/nbody_naive,152,22,0
shootout,nbody_naive,shootout/nbody_naive,152,22,0
shootout,nbody_naive,shootout/nbody_naive,152,22,0
shootout,nbody_naive,shootout/nbody_naive,152,22,0
shootout,nbody_naive,shootout/nbody_naive,152,22,0
shootout,nbody_naive,shootout/nbody_naive,152,22,0
shootout,nbody_naive,shootout/nbody_naive,152,22,0
shootout,nbody_naive,shootout/nbody_naive,152,22,0
shootout,nbody_naive,shootout/nbody_naive,152,22,0
simple,lapply,simple/lapply,1000033,1000012,0
simple,lapply,simple/lapply,1000034,2,0
simple,lapply,simple/lapply,1000030,2,4
simple,lapply,simple/lapply,1000024,2,4
simple,lapply,simple/lapply,1000024,2,0
simple,lapply,simple/lapply,1000024,2,0
simple,lapply,simple/lapply,1000024,2,0
simple,lapply,simple/lapply,1000024,2,0
simple,lapply,simple/lapply,1000024,2,0
simple,lapply,simple/lapply,1000024,2,0
simple,lapply,simple/lapply,1000024,2,0
simple,lapply,simple/lapply,1000024,2,0
simple,lapply,simple/lapply,1000024,2,0
simple,lapply,simple/lapply,1000024,2,0
simple,lapply,simple/lapply,1000024,2,0
simple,list-while,simple/list-while,29,8,0
simple,list-while,simple/list-while,26,2,0
simple,list-while,simple/list-while,22,2,4
simple,list-while,simple/list-while,22,2,0
simple,list-while,simple/list-while,22,2,0
simple,list-while,simple/list-while,22,2,0
simple,list-while,simple/list-while,22,2,0
simple,list-while,simple/list-while,22,2,0
simple,list-while,simple/list-while,22,2,0
simple,list-while,simple/list-while,22,2,0
simple,list-while,simple/list-while,22,2,0
simple,list-while,simple/list-while,22,2,0
simple,list-while,simple/list-while,22,2,0
simple,list-while,simple/list-while,22,2,0
simple,list-while,simple/list-while,22,2,0
simple,profiler-rsa,simple/profiler-rsa,1200045,22,0
simple,profiler-rsa,simple/profiler-rsa,1200039,13,0
simple,profiler-rsa,simple/profiler-rsa,1200035,13,4
simple,profiler-rsa,simple/profiler-rsa,1200035,13,0
simple,profiler-rsa,simple/profiler-rsa,1200035,13,0
simple,profiler-rsa,simple/profiler-rsa,1200035,13,0
simple,profiler-rsa,simple/profiler-rsa,1200035,13,0
simple,profiler-rsa,simple/profiler-rsa,1200035,13,0
simple,profiler-rsa,simple/profiler-rsa,1200035,13,0
simple,profiler-rsa,simple/profiler-rsa,1200035,13,0
simple,profiler-rsa,simple/profiler-rsa,1200035,13,0
simple,profiler-rsa,simple/profiler-rsa,1200035,13,0
simple,profiler-rsa,simple/profiler-rsa,1200035,13,0
simple,profiler-rsa,simple/profiler-rsa,1200035,13,0
simple,profiler-rsa,simple/profiler-rsa,1200035,13,0
shootout,mandelbrot_noout,shootout/mandelbrot_noout,5308,406,4
shootout,mandelbrot_noout,shootout/mandelbrot_noout,5256,404,0
shootout,mandelbrot_noout,shootout/mandelbrot_noout,4032,404,19
shootout,mandelbrot_noout,shootout/mandelbrot_noout,4032,404,0
shootout,mandelbrot_noout,shootout/mandelbrot_noout,4032,404,0
shootout,mandelbrot_noout,shootout/mandelbrot_noout,4032,404,0
shootout,mandelbrot_noout,shootout/mandelbrot_noout,4032,404,0
shootout,mandelbrot_noout,shootout/mandelbrot_noout,4032,404,0
shootout,mandelbrot_noout,shootout/mandelbrot_noout,4032,404,0
shootout,mandelbrot_noout,shootout/mandelbrot_noout,4032,404,0
shootout,mandelbrot_noout,shootout/mandelbrot_noout,4032,404,0
shootout,mandelbrot_noout,shootout/mandelbrot_noout,4032,404,0
shootout,mandelbrot_noout,shootout/mandelbrot_noout,4032,404,0
shootout,mandelbrot_noout,shootout/mandelbrot_noout,4032,404,0
shootout,mandelbrot_noout,shootout/mandelbrot_noout,4032,404,0
simple,vector-while,simple/vector-while,31,8,0
simple,vector-while,simple/vector-while,28,2,0
simple,vector-while,simple/vector-while,22,2,5
simple,vector-while,simple/vector-while,22,2,0
simple,vector-while,simple/vector-while,22,2,0
simple,vector-while,simple/vector-while,22,2,0
simple,vector-while,simple/vector-while,22,2,0
simple,vector-while,simple/vector-while,22,2,0
simple,vector-while,simple/vector-while,22,2,0
simple,vector-while,simple/vector-while,22,2,0
simple,vector-while,simple/vector-while,22,2,0
simple,vector-while,simple/vector-while,22,2,0
simple,vector-while,simple/vector-while,22,2,0
simple,vector-while,simple/vector-while,22,2,0
simple,vector-while,simple/vector-while,22,2,0
shootout,spectralnorm_alt_3,shootout/spectralnorm_alt_3,5000194,19,13
shootout,spectralnorm_alt_3,shootout/spectralnorm_alt_3,500155,7,26
shootout,spectralnorm_alt_3,shootout/spectralnorm_alt_3,123,7,50
shootout,spectralnorm_alt_3,shootout/spectralnorm_alt_3,123,7,0
shootout,spectralnorm_alt_3,shootout/spectralnorm_alt_3,123,7,0
shootout,spectralnorm_alt_3,shootout/spectralnorm_alt_3,123,7,0
shootout,spectralnorm_alt_3,shootout/spectralnorm_alt_3,123,7,0
shootout,spectralnorm_alt_3,shootout/spectralnorm_alt_3,123,7,0
shootout,spectralnorm_alt_3,shootout/spectralnorm_alt_3,123,7,0
shootout,spectralnorm_alt_3,shootout/spectralnorm_alt_3,123,7,0
shootout,spectralnorm_alt_3,shootout/spectralnorm_alt_3,123,7,0
shootout,spectralnorm_alt_3,shootout/spectralnorm_alt_3,123,7,0
shootout,spectralnorm_alt_3,shootout/spectralnorm_alt_3,123,7,0
shootout,spectralnorm_alt_3,shootout/spectralnorm_alt_3,123,7,0
shootout,spectralnorm_alt_3,shootout/spectralnorm_alt_3,123,7,0
shootout,mandelbrot_naive_ascii,shootout/mandelbrot_naive_ascii,1125729,4,0
shootout,mandelbrot_naive_ascii,shootout/mandelbrot_naive_ascii,1125717,2,0
shootout,mandelbrot_naive_ascii,shootout/mandelbrot_naive_ascii,10040,2,15
shootout,mandelbrot_naive_ascii,shootout/mandelbrot_naive_ascii,10028,2,0
shootout,mandelbrot_naive_ascii,shootout/mandelbrot_naive_ascii,10028,2,0
shootout,mandelbrot_naive_ascii,shootout/mandelbrot_naive_ascii,10028,2,0
shootout,mandelbrot_naive_ascii,shootout/mandelbrot_naive_ascii,10028,2,0
shootout,mandelbrot_naive_ascii,shootout/mandelbrot_naive_ascii,10028,2,0
shootout,mandelbrot_naive_ascii,shootout/mandelbrot_naive_ascii,10028,2,0
shootout,mandelbrot_naive_ascii,shootout/mandelbrot_naive_ascii,10028,2,0
shootout,mandelbrot_naive_ascii,shootout/mandelbrot_naive_ascii,10028,2,0
shootout,mandelbrot_naive_ascii,shootout/mandelbrot_naive_ascii,10028,2,0
shootout,mandelbrot_naive_ascii,shootout/mandelbrot_naive_ascii,10028,2,0
shootout,mandelbrot_naive_ascii,shootout/mandelbrot_naive_ascii,10028,2,0
shootout,mandelbrot_naive_ascii,shootout/mandelbrot_naive_ascii,10028,2,0
shootout,spectralnorm_naive,shootout/spectralnorm_naive,1395180,14,11
shootout,spectralnorm_naive,shootout/spectralnorm_naive,180160,7,20
shootout,spectralnorm_naive,shootout/spectralnorm_naive,143,7,34
shootout,spectralnorm_naive,shootout/spectralnorm_naive,143,7,0
shootout,spectralnorm_naive,shootout/spectralnorm_naive,143,7,0
shootout,spectralnorm_naive,shootout/spectralnorm_naive,143,7,0
shootout,spectralnorm_naive,shootout/spectralnorm_naive,143,7,0
shootout,spectralnorm_naive,shootout/spectralnorm_naive,143,7,0
shootout,spectralnorm_naive,shootout/spectralnorm_naive,143,7,0
shootout,spectralnorm_naive,shootout/spectralnorm_naive,143,7,0
shootout,spectralnorm_naive,shootout/spectralnorm_naive,143,7,0
shootout,spectralnorm_naive,shootout/spectralnorm_naive,143,7,0
shootout,spectralnorm_naive,shootout/spectralnorm_naive,143,7,0
shootout,spectralnorm_naive,shootout/spectralnorm_naive,143,7,0
shootout,spectralnorm_naive,shootout/spectralnorm_naive,143,7,0
shootout,reversecomplement,shootout/reversecomplement,525134,10,0
shootout,reversecomplement,shootout/reversecomplement,525114,3,0
shootout,reversecomplement,shootout/reversecomplement,225066,3,22
shootout,reversecomplement,shootout/reversecomplement,225056,3,0
shootout,reversecomplement,shootout/reversecomplement,225056,3,0
shootout,reversecomplement,shootout/reversecomplement,225056,3,0
shootout,reversecomplement,shootout/reversecomplement,225056,3,0
shootout,reversecomplement,shootout/reversecomplement,225056,3,0
shootout,reversecomplement,shootout/reversecomplement,225056,3,0
shootout,reversecomplement,shootout/reversecomplement,225056,3,0
shootout,reversecomplement,shootout/reversecomplement,225056,3,0
shootout,reversecomplement,shootout/reversecomplement,225056,3,0
shootout,reversecomplement,shootout/reversecomplement,225056,3,0
shootout,reversecomplement,shootout/reversecomplement,225056,3,0
shootout,reversecomplement,shootout/reversecomplement,225056,3,0
are-we-fast-r,Bounce,are-we-fast-r/Bounce,202628,3504,8
are-we-fast-r,Bounce,are-we-fast-r/Bounce,201493,3502,0
are-we-fast-r,Bounce,are-we-fast-r/Bounce,201485,3502,4
are-we-fast-r,Bounce,are-we-fast-r/Bounce,201485,3502,0
are-we-fast-r,Bounce,are-we-fast-r/Bounce,201485,3502,0
are-we-fast-r,Bounce,are-we-fast-r/Bounce,201485,3502,0
are-we-fast-r,Bounce,are-we-fast-r/Bounce,201485,3502,0
are-we-fast-r,Bounce,are-we-fast-r/Bounce,201485,3502,0
are-we-fast-r,Bounce,are-we-fast-r/Bounce,201485,3502,0
are-we-fast-r,Bounce,are-we-fast-r/Bounce,201485,3502,0
are-we-fast-r,Bounce,are-we-fast-r/Bounce,201485,3502,0
are-we-fast-r,Bounce,are-we-fast-r/Bounce,201485,3502,0
are-we-fast-r,Bounce,are-we-fast-r/Bounce,201485,3502,0
are-we-fast-r,Bounce,are-we-fast-r/Bounce,201485,3502,0
are-we-fast-r,Bounce,are-we-fast-r/Bounce,201485,3502,0
shootout,binarytrees_naive,shootout/binarytrees_naive,300782,27,0
shootout,binarytrees_naive,shootout/binarytrees_naive,300210,20,0
shootout,binarytrees_naive,shootout/binarytrees_naive,300148,20,16
shootout,binarytrees_naive,shootout/binarytrees_naive,300148,20,0
shootout,binarytrees_naive,shootout/binarytrees_naive,300148,20,0
shootout,binarytrees_naive,shootout/binarytrees_naive,300148,20,0
shootout,binarytrees_naive,shootout/binarytrees_naive,300148,20,0
shootout,binarytrees_naive,shootout/binarytrees_naive,300148,20,0
shootout,binarytrees_naive,shootout/binarytrees_naive,300148,20,0
shootout,binarytrees_naive,shootout/binarytrees_naive,300148,20,0
shootout,binarytrees_naive,shootout/binarytrees_naive,300148,20,0
shootout,binarytrees_naive,shootout/binarytrees_naive,300148,20,0
shootout,binarytrees_naive,shootout/binarytrees_naive,300148,20,0
shootout,binarytrees_naive,shootout/binarytrees_naive,300148,20,0
shootout,binarytrees_naive,shootout/binarytrees_naive,300148,20,0
shootout,fasta_2,shootout/fasta_2,731475,4,0
shootout,fasta_2,shootout/fasta_2,91777,2,2
shootout,fasta_2,shootout/fasta_2,73856,2,21
shootout,fasta_2,shootout/fasta_2,73740,2,0
shootout,fasta_2,shootout/fasta_2,73733,2,0
shootout,fasta_2,shootout/fasta_2,73774,2,0
shootout,fasta_2,shootout/fasta_2,73783,2,0
shootout,fasta_2,shootout/fasta_2,73719,2,0
shootout,fasta_2,shootout/fasta_2,73777,2,0
shootout,fasta_2,shootout/fasta_2,73818,2,0
shootout,fasta_2,shootout/fasta_2,73694,2,0
shootout,fasta_2,shootout/fasta_2,73772,2,0
shootout,fasta_2,shootout/fasta_2,73781,2,0
shootout,fasta_2,shootout/fasta_2,73709,2,0
shootout,fasta_2,shootout/fasta_2,73729,2,0
shootout,fannkuchredux_naive,shootout/fannkuchredux_naive,725827,4,0
shootout,fannkuchredux_naive,shootout/fannkuchredux_naive,725815,2,0
shootout,fannkuchredux_naive,shootout/fannkuchredux_naive,30,2,16
shootout,fannkuchredux_naive,shootout/fannkuchredux_naive,30,2,0
shootout,fannkuchredux_naive,shootout/fannkuchredux_naive,30,2,0
shootout,fannkuchredux_naive,shootout/fannkuchredux_naive,30,2,0
shootout,fannkuchredux_naive,shootout/fannkuchredux_naive,30,2,0
shootout,fannkuchredux_naive,shootout/fannkuchredux_naive,30,2,0
shootout,fannkuchredux_naive,shootout/fannkuchredux_naive,30,2,0
shootout,fannkuchredux_naive,shootout/fannkuchredux_naive,30,2,0
shootout,fannkuchredux_naive,shootout/fannkuchredux_naive,30,2,0
shootout,fannkuchredux_naive,shootout/fannkuchredux_naive,30,2,0
shootout,fannkuchredux_naive,shootout/fannkuchredux_naive,30,2,0
shootout,fannkuchredux_naive,shootout/fannkuchredux_naive,30,2,0
shootout,fannkuchredux_naive,shootout/fannkuchredux_naive,30,2,0
simple,list-for,simple/list-for,29,8,0
simple,list-for,simple/list-for,26,2,0
simple,list-for,simple/list-for,22,2,4
simple,list-for,simple/list-for,22,2,0
simple,list-for,simple/list-for,22,2,0
simple,list-for,simple/list-for,22,2,0
simple,list-for,simple/list-for,22,2,0
simple,list-for,simple/list-for,22,2,0
simple,list-for,simple/list-for,22,2,0
simple,list-for,simple/list-for,22,2,0
simple,list-for,simple/list-for,22,2,0
simple,list-for,simple/list-for,22,2,0
simple,list-for,simple/list-for,22,2,0
simple,list-for,simple/list-for,22,2,0
simple,list-for,simple/list-for,22,2,0
real_thing,convolution_slow,real_thing/convolution_slow,236,12,0
real_thing,convolution_slow,real_thing/convolution_slow,173,2,0
real_thing,convolution_slow,real_thing/convolution_slow,163,2,7
real_thing,convolution_slow,real_thing/convolution_slow,163,2,0
real_thing,convolution_slow,real_thing/convolution_slow,163,2,0
real_thing,convolution_slow,real_thing/convolution_slow,163,2,0
real_thing,convolution_slow,real_thing/convolution_slow,163,2,0
real_thing,convolution_slow,real_thing/convolution_slow,163,2,0
real_thing,convolution_slow,real_thing/convolution_slow,163,2,0
real_thing,convolution_slow,real_thing/convolution_slow,163,2,0
real_thing,convolution_slow,real_thing/convolution_slow,163,2,0
real_thing,convolution_slow,real_thing/convolution_slow,163,2,0
real_thing,convolution_slow,real_thing/convolution_slow,163,2,0
real_thing,convolution_slow,real_thing/convolution_slow,163,2,0
real_thing,convolution_slow,real_thing/convolution_slow,163,2,0
simple,empty-for,simple/empty-for,29,8,0
simple,empty-for,simple/empty-for,26,2,0
simple,empty-for,simple/empty-for,22,2,4
simple,empty-for,simple/empty-for,22,2,0
simple,empty-for,simple/empty-for,22,2,0
simple,empty-for,simple/empty-for,22,2,0
simple,empty-for,simple/empty-for,22,2,0
simple,empty-for,simple/empty-for,22,2,0
simple,empty-for,simple/empty-for,22,2,0
simple,empty-for,simple/empty-for,22,2,0
simple,empty-for,simple/empty-for,22,2,0
simple,empty-for,simple/empty-for,22,2,0
simple,empty-for,simple/empty-for,22,2,0
simple,empty-for,simple/empty-for,22,2,0
simple,empty-for,simple/empty-for,22,2,0
shootout,knucleotide_brute,shootout/knucleotide_brute,467218,69976,2
shootout,knucleotide_brute,shootout/knucleotide_brute,427095,69969,6
shootout,knucleotide_brute,shootout/knucleotide_brute,425175,69969,24
shootout,knucleotide_brute,shootout/knucleotide_brute,425163,69969,3
shootout,knucleotide_brute,shootout/knucleotide_brute,425163,69969,0
shootout,knucleotide_brute,shootout/knucleotide_brute,425163,69969,0
shootout,knucleotide_brute,shootout/knucleotide_brute,425163,69969,0
shootout,knucleotide_brute,shootout/knucleotide_brute,425163,69969,0
shootout,knucleotide_brute,shootout/knucleotide_brute,425163,69969,0
shootout,knucleotide_brute,shootout/knucleotide_brute,425163,69969,0
shootout,knucleotide_brute,shootout/knucleotide_brute,425163,69969,0
shootout,knucleotide_brute,shootout/knucleotide_brute,425163,69969,0
shootout,knucleotide_brute,shootout/knucleotide_brute,425163,69969,0
shootout,knucleotide_brute,shootout/knucleotide_brute,425163,69969,0
shootout,knucleotide_brute,shootout/knucleotide_brute,425163,69969,0
shootout_annotations,spectralnorm_strict,shootout_annotations/spectralnorm_strict,11534603,58,2
shootout_annotations,spectralnorm_strict,shootout_annotations/spectralnorm_strict,11534531,51,0
shootout_annotations,spectralnorm_strict,shootout_annotations/spectralnorm_strict,11534514,51,16
shootout_annotations,spectralnorm_strict,shootout_annotations/spectralnorm_strict,11534514,51,0
shootout_annotations,spectralnorm_strict,shootout_annotations/spectralnorm_strict,11534514,51,0
shootout_annotations,spectralnorm_strict,shootout_annotations/spectralnorm_strict,11534514,51,0
shootout_annotations,spectralnorm_strict,shootout_annotations/spectralnorm_strict,11534514,51,0
shootout_annotations,spectralnorm_strict,shootout_annotations/spectralnorm_strict,11534514,51,0
shootout_annotations,spectralnorm_strict,shootout_annotations/spectralnorm_strict,11534514,51,0
shootout_annotations,spectralnorm_strict,shootout_annotations/spectralnorm_strict,11534514,51,0
shootout_annotations,spectralnorm_strict,shootout_annotations/spectralnorm_strict,11534514,51,0
shootout_annotations,spectralnorm_strict,shootout_annotations/spectralnorm_strict,11534514,51,0
shootout_annotations,spectralnorm_strict,shootout_annotations/spectralnorm_strict,11534514,51,0
shootout_annotations,spectralnorm_strict,shootout_annotations/spectralnorm_strict,11534514,51,0
shootout_annotations,spectralnorm_strict,shootout_annotations/spectralnorm_strict,11534514,51,0
simple,scalar-while,simple/scalar-while,29,8,0
simple,scalar-while,simple/scalar-while,26,2,0
simple,scalar-while,simple/scalar-while,22,2,4
simple,scalar-while,simple/scalar-while,22,2,0
simple,scalar-while,simple/scalar-while,22,2,0
simple,scalar-while,simple/scalar-while,22,2,0
simple,scalar-while,simple/scalar-while,22,2,0
simple,scalar-while,simple/scalar-while,22,2,0
simple,scalar-while,simple/scalar-while,22,2,0
simple,scalar-while,simple/scalar-while,22,2,0
simple,scalar-while,simple/scalar-while,22,2,0
simple,scalar-while,simple/scalar-while,22,2,0
simple,scalar-while,simple/scalar-while,22,2,0
simple,scalar-while,simple/scalar-while,22,2,0
simple,scalar-while,simple/scalar-while,22,2,0
shootout_annotations,fastaredux_naive_strict,shootout_annotations/fastaredux_naive_strict,184099,4,0
shootout_annotations,fastaredux_naive_strict,shootout_annotations/fastaredux_naive_strict,77422,2,3
shootout_annotations,fastaredux_naive_strict,shootout_annotations/fastaredux_naive_strict,53374,2,53
shootout_annotations,fastaredux_naive_strict,shootout_annotations/fastaredux_naive_strict,53362,2,0
shootout_annotations,fastaredux_naive_strict,shootout_annotations/fastaredux_naive_strict,53362,2,0
shootout_annotations,fastaredux_naive_strict,shootout_annotations/fastaredux_naive_strict,53362,2,0
shootout_annotations,fastaredux_naive_strict,shootout_annotations/fastaredux_naive_strict,53362,2,0
shootout_annotations,fastaredux_naive_strict,shootout_annotations/fastaredux_naive_strict,53362,2,0
shootout_annotations,fastaredux_naive_strict,shootout_annotations/fastaredux_naive_strict,53362,2,0
shootout_annotations,fastaredux_naive_strict,shootout_annotations/fastaredux_naive_strict,53362,2,0
shootout_annotations,fastaredux_naive_strict,shootout_annotations/fastaredux_naive_strict,53362,2,0
shootout_annotations,fastaredux_naive_strict,shootout_annotations/fastaredux_naive_strict,53362,2,0
shootout_annotations,fastaredux_naive_strict,shootout_annotations/fastaredux_naive_strict,53362,2,0
shootout_annotations,fastaredux_naive_strict,shootout_annotations/fastaredux_naive_strict,53362,2,0
shootout_annotations,fastaredux_naive_strict,shootout_annotations/fastaredux_naive_strict,53362,2,0